MARKET,TF,MEAN,BREAKOUT,RTM,RTM_PERCENT,BO_PERCENT,EXIT_PERCENT,STOP_PERC,sharpe_ratio
BTC-ETH,5,20,True,True,3.0,1.0,5.0,10.0,0.15882134004
BTC-NEO,5,20,True,True,5.0,1.0,10.0,5.0,0.235052968747
BTC-APX,5,8,True,True,2.0,1.0,5.0,10.0,0.434415290069
BTC-ETC,5,20,True,True,5.0,1.0,1.0,5.0,0.0791107730765
BTC-BCC,5,20,True,True,2.0,1.0,10.0,15.0,0.39299746188
BTC-STRAT,5,8,True,True,2.0,1.0,1.0,15.0,0.000327049481482
BTC-XRP,5,20,True,True,3.0,1.0,1.0,5.0,0.307028854877
BTC-BAT,5,20,True,True,3.0,1.0,1.0,10.0,0.253648280858
BTC-MTL,5,20,True,True,3.0,1.0,5.0,5.0,0.573050901624
BTC-RISE,5,8,True,True,3.0,1.0,5.0,10.0,0.663591293986
BTC-APX,5,8,True,True,2.0,1.0,10.0,15.0,0.261250302674
BTC-NAV,5,8,True,True,2.0,1.0,5.0,10.0,0.625918758585
BTC-TRIG,5,8,True,True,5.0,1.0,10.0,15.0,0.476416129869
BTC-ETH,5,8,True,True,5.0,1.0,10.0,10.0,0.0699404700942
BTC-APX,5,20,True,True,5.0,1.0,10.0,15.0,0.447755958766
BTC-MTL,5,8,True,True,5.0,1.0,1.0,15.0,-0.0595923527108
BTC-RISE,5,20,True,True,5.0,1.0,1.0,5.0,0.198025494159
BTC-STRAT,5,8,True,True,2.0,1.0,10.0,5.0,0.157227738329
BTC-XMR,5,8,True,True,3.0,1.0,5.0,10.0,0.282183676189
BTC-LTC,5,20,True,True,2.0,1.0,5.0,15.0,0.353626420539
BTC-MTL,5,8,True,True,3.0,1.0,1.0,10.0,-0.0686887834114
BTC-RISE,5,20,True,True,2.0,1.0,5.0,10.0,1.09169461955
BTC-XRP,5,8,True,True,5.0,1.0,1.0,10.0,-0.208645348888
BTC-XRP,5,8,True,True,2.0,1.0,5.0,5.0,0.309040976845
BTC-ETH,5,20,True,True,2.0,1.0,10.0,10.0,0.0763318701825
BTC-NEO,5,20,True,True,3.0,1.0,10.0,15.0,0.149789002862
BTC-LTC,5,20,True,True,2.0,1.0,10.0,5.0,0.271176526334
BTC-NEO,5,8,True,True,3.0,1.0,5.0,5.0,0.257699952092
BTC-RISE,5,8,True,True,3.0,1.0,10.0,15.0,0.519221533032
BTC-ETH,5,8,True,True,2.0,1.0,1.0,10.0,-0.0830914062863
BTC-OMG,5,8,True,True,5.0,1.0,5.0,15.0,0.0765435351271
BTC-XMR,5,8,True,True,5.0,1.0,10.0,15.0,0.23960023837
BTC-ETC,5,8,True,True,5.0,1.0,5.0,15.0,0.122291008518
BTC-PAY,5,20,True,True,3.0,1.0,10.0,10.0,0.228441462627
BTC-LSK,5,20,True,True,5.0,1.0,5.0,10.0,0.512995649662
BTC-MTL,5,8,True,True,3.0,1.0,10.0,10.0,0.19622854932
BTC-MCO,5,8,True,True,5.0,1.0,5.0,10.0,0.310461869275
BTC-BCC,5,8,True,True,3.0,1.0,10.0,15.0,0.252112469097
BTC-MCO,5,20,True,True,2.0,1.0,5.0,5.0,1.10480981417
BTC-ETC,5,8,True,True,5.0,1.0,5.0,5.0,0.155233394509
BTC-DASH,5,20,True,True,2.0,1.0,10.0,5.0,0.27386771494
BTC-XMR,5,8,True,True,2.0,1.0,1.0,15.0,0.137196129406
BTC-BAT,5,8,True,True,5.0,1.0,5.0,15.0,0.0135457325844
BTC-RISE,5,8,True,True,2.0,1.0,10.0,5.0,0.643992578013
BTC-XVG,5,20,True,True,2.0,1.0,10.0,15.0,0.389422048113
BTC-ADX,5,20,True,True,2.0,1.0,10.0,10.0,0.562358963225
BTC-PAY,5,20,True,True,2.0,1.0,1.0,5.0,0.520958556424
BTC-BCC,5,20,True,True,5.0,1.0,10.0,15.0,0.403198298432
BTC-BAT,5,8,True,True,3.0,1.0,5.0,15.0,0.148908403884
BTC-APX,5,20,True,True,3.0,1.0,1.0,5.0,0.574614977928
BTC-MCO,5,8,True,True,3.0,1.0,1.0,10.0,-0.206255668996
BTC-ETC,5,8,True,True,5.0,1.0,10.0,15.0,0.109063181067
BTC-NEO,5,8,True,True,2.0,1.0,1.0,5.0,0.163247217049
BTC-NEO,5,20,True,True,3.0,1.0,1.0,10.0,0.135244279015
BTC-BCC,5,20,True,True,5.0,1.0,1.0,15.0,0.179192858152
BTC-XVG,5,8,True,True,5.0,1.0,1.0,10.0,-0.204283483637
BTC-XVG,5,8,True,True,5.0,1.0,5.0,15.0,0.101827906682
BTC-BAT,5,20,True,True,5.0,1.0,1.0,15.0,0.0599974671856
BTC-XMR,5,8,True,True,3.0,1.0,5.0,15.0,0.309892592373
BTC-XMR,5,20,True,True,3.0,1.0,5.0,5.0,0.615385380704
BTC-DASH,5,20,True,True,2.0,1.0,1.0,10.0,0.377774263848
BTC-BAT,5,8,True,True,2.0,1.0,5.0,15.0,0.217705961465
BTC-DASH,5,8,True,True,5.0,1.0,5.0,10.0,0.140704720319
BTC-QTUM,5,8,True,True,3.0,1.0,10.0,5.0,0.203789146743
BTC-BAT,5,20,True,True,2.0,1.0,10.0,15.0,0.236226250626
BTC-STRAT,5,8,True,True,2.0,1.0,1.0,10.0,0.0508268796109
BTC-NAV,5,20,True,True,2.0,1.0,5.0,10.0,1.02843156785
BTC-XMR,5,8,True,True,3.0,1.0,10.0,5.0,0.282902732817
BTC-ADX,5,8,True,True,5.0,1.0,1.0,5.0,-0.455302608291
BTC-LSK,5,8,True,True,2.0,1.0,1.0,5.0,0.0904251835534
BTC-NAV,5,8,True,True,3.0,1.0,1.0,5.0,-0.22025740279
BTC-DASH,5,8,True,True,5.0,1.0,10.0,5.0,0.135023011525
BTC-ETH,5,8,True,True,3.0,1.0,10.0,10.0,0.0890759680837
BTC-NEO,5,20,True,True,5.0,1.0,10.0,15.0,0.189630780378
BTC-PAY,5,20,True,True,3.0,1.0,1.0,15.0,0.17576233965
BTC-XVG,5,8,True,True,3.0,1.0,5.0,10.0,0.291935745464
BTC-ETC,5,20,True,True,3.0,1.0,10.0,10.0,0.16341958528
BTC-BAT,5,8,True,True,3.0,1.0,10.0,10.0,0.113404852684
BTC-LTC,5,20,True,True,2.0,1.0,1.0,15.0,0.306112112035
BTC-DASH,5,8,True,True,2.0,1.0,10.0,5.0,0.201790255345
BTC-LSK,5,20,True,True,2.0,1.0,5.0,5.0,0.824255761893
BTC-OMG,5,20,True,True,3.0,1.0,5.0,15.0,0.413646587752
BTC-LSK,5,8,True,True,3.0,1.0,5.0,10.0,0.38698410158
BTC-XRP,5,20,True,True,3.0,1.0,5.0,5.0,0.503346051298
BTC-OMG,5,20,True,True,3.0,1.0,10.0,5.0,0.339059510104
BTC-XRP,5,8,True,True,5.0,1.0,10.0,10.0,0.115401285582
BTC-BAT,5,8,True,True,5.0,1.0,10.0,5.0,0.0324767438048
BTC-NAV,5,20,True,True,5.0,1.0,1.0,10.0,0.0669034752455
BTC-XMR,5,20,True,True,5.0,1.0,1.0,5.0,0.197032368816
BTC-BCC,5,20,True,True,2.0,1.0,1.0,5.0,0.725043428796
BTC-MCO,5,20,True,True,5.0,1.0,10.0,5.0,0.699876213512
BTC-QTUM,5,20,True,True,2.0,1.0,1.0,5.0,0.609895419928
BTC-QTUM,5,20,True,True,5.0,1.0,1.0,15.0,-0.118615330355
BTC-XVG,5,8,True,True,2.0,1.0,5.0,10.0,0.308751257381
BTC-TRIG,5,8,True,True,3.0,1.0,10.0,5.0,0.655274412309
BTC-MTL,5,20,True,True,5.0,1.0,5.0,10.0,0.30944076275
BTC-XMR,5,20,True,True,3.0,1.0,10.0,10.0,0.392895472706
BTC-LSK,5,20,True,True,5.0,1.0,5.0,15.0,0.489748808098
BTC-MCO,5,8,True,True,5.0,1.0,10.0,5.0,0.351711876661
BTC-ETC,5,8,True,True,2.0,1.0,10.0,5.0,0.152406712975
BTC-XRP,5,8,True,True,2.0,1.0,10.0,15.0,0.157042495927
BTC-STRAT,5,20,True,True,5.0,1.0,1.0,15.0,-0.0474116548767
BTC-LTC,5,20,True,True,3.0,1.0,1.0,5.0,0.115964519065
BTC-RISE,5,8,True,True,2.0,1.0,5.0,15.0,0.602115883202
BTC-LTC,5,8,True,True,2.0,1.0,5.0,10.0,0.232984025694
BTC-MTL,5,20,True,True,3.0,1.0,1.0,10.0,0.149081302383
BTC-RISE,5,20,True,True,5.0,1.0,5.0,15.0,0.84465200521
BTC-XRP,5,8,True,True,5.0,1.0,5.0,15.0,0.051472690869
BTC-NEO,5,8,True,True,5.0,1.0,1.0,15.0,-0.227358271258
BTC-BAT,5,8,True,True,5.0,1.0,1.0,10.0,-0.139163652844
BTC-NEO,5,20,True,True,5.0,1.0,1.0,15.0,-0.111327675778
BTC-MTL,5,8,True,True,3.0,1.0,1.0,5.0,-0.162074698553
BTC-BAT,5,20,True,True,2.0,1.0,10.0,10.0,0.267791607375
BTC-ETC,5,20,True,True,3.0,1.0,10.0,5.0,0.176002903754
BTC-APX,5,20,True,True,5.0,1.0,1.0,5.0,0.187320835279
BTC-ETC,5,8,True,True,2.0,1.0,5.0,15.0,0.186058137701
BTC-QTUM,5,20,True,True,5.0,1.0,10.0,15.0,0.216753743459
BTC-BAT,5,20,True,True,3.0,1.0,10.0,15.0,0.250348966541
BTC-XRP,5,20,True,True,2.0,1.0,1.0,10.0,0.489493228434
BTC-ETH,5,20,True,True,3.0,1.0,10.0,15.0,0.120276612566
BTC-PAY,5,8,True,True,5.0,1.0,10.0,5.0,-0.00628485894738
BTC-ETC,5,20,True,True,2.0,1.0,10.0,15.0,0.174587261847
BTC-STRAT,5,8,True,True,3.0,1.0,10.0,10.0,0.0438637613706
BTC-XRP,5,8,True,True,3.0,1.0,10.0,15.0,0.134102422479
BTC-LTC,5,20,True,True,5.0,1.0,5.0,5.0,0.1617752939
BTC-TRIG,5,20,True,True,5.0,1.0,1.0,5.0,0.0885728760535
BTC-OMG,5,20,True,True,2.0,1.0,5.0,15.0,0.434764883497
BTC-NAV,5,20,True,True,5.0,1.0,10.0,5.0,0.72603704449
BTC-DASH,5,20,True,True,3.0,1.0,5.0,5.0,0.368194692181
BTC-BCC,5,8,True,True,2.0,1.0,1.0,5.0,0.141968137425
BTC-ETH,5,8,True,True,5.0,1.0,1.0,10.0,-0.172390439997
BTC-BAT,5,8,True,True,3.0,1.0,5.0,10.0,0.206131465469
BTC-BCC,5,20,True,True,3.0,1.0,1.0,15.0,0.323166511262
BTC-OMG,5,8,True,True,5.0,1.0,10.0,10.0,0.136370063267
BTC-MCO,5,20,True,True,2.0,1.0,1.0,5.0,0.596542041519
BTC-STRAT,5,8,True,True,5.0,1.0,10.0,5.0,0.091392646877
BTC-STRAT,5,20,True,True,2.0,1.0,10.0,5.0,0.244081356088
BTC-BAT,5,8,True,True,3.0,1.0,1.0,15.0,-0.138191264907
BTC-OMG,5,8,True,True,5.0,1.0,1.0,5.0,-0.249060978728
BTC-ETH,5,20,True,True,2.0,1.0,5.0,5.0,0.161380300897
BTC-PAY,5,8,True,True,5.0,1.0,10.0,15.0,-0.0232985094389
BTC-NAV,5,8,True,True,5.0,1.0,1.0,10.0,-0.212609317667
BTC-LSK,5,20,True,True,3.0,1.0,10.0,10.0,0.473217909441
BTC-ADX,5,20,True,True,2.0,1.0,1.0,15.0,0.33183999887
BTC-STRAT,5,20,True,True,5.0,1.0,10.0,10.0,0.15751926292
BTC-STRAT,5,20,True,True,3.0,1.0,1.0,5.0,0.12073115904
BTC-ETC,5,20,True,True,3.0,1.0,1.0,5.0,0.197194963465
BTC-DASH,5,8,True,True,2.0,1.0,1.0,10.0,-0.0316188155337
BTC-XVG,5,20,True,True,2.0,1.0,10.0,10.0,0.428885658724
BTC-RISE,5,8,True,True,3.0,1.0,10.0,5.0,0.615051953576
BTC-QTUM,5,8,True,True,5.0,1.0,10.0,10.0,0.0544819463789
BTC-RISE,5,8,True,True,3.0,1.0,5.0,5.0,0.74341610584
BTC-ETH,5,20,True,True,2.0,1.0,10.0,5.0,0.0714323056898
BTC-LTC,5,8,True,True,5.0,1.0,1.0,5.0,-0.352136982119
BTC-BCC,5,20,True,True,5.0,1.0,1.0,5.0,0.242448281933
BTC-LTC,5,20,True,True,5.0,1.0,5.0,15.0,0.186351489513
BTC-XMR,5,8,True,True,2.0,1.0,5.0,5.0,0.421954149411
BTC-NEO,5,20,True,True,5.0,1.0,1.0,10.0,-0.034244892299
BTC-NAV,5,8,True,True,2.0,1.0,10.0,5.0,0.590021080483
BTC-NAV,5,20,True,True,2.0,1.0,10.0,15.0,0.694493129169
BTC-APX,5,8,True,True,5.0,1.0,5.0,10.0,0.290245470529
BTC-DASH,5,20,True,True,5.0,1.0,5.0,15.0,0.276628203491
BTC-RISE,5,8,True,True,5.0,1.0,1.0,10.0,-0.196417266844
BTC-OMG,5,20,True,True,2.0,1.0,5.0,5.0,0.591106228138
BTC-LTC,5,20,True,True,5.0,1.0,1.0,5.0,-0.107366309075
BTC-RISE,5,20,True,True,3.0,1.0,1.0,5.0,0.467954377341
BTC-NEO,5,8,True,True,5.0,1.0,5.0,10.0,0.00955204133583
BTC-APX,5,8,True,True,2.0,1.0,1.0,15.0,0.096521276254
BTC-NEO,5,20,True,True,2.0,1.0,10.0,15.0,0.146486935791
BTC-MTL,5,8,True,True,3.0,1.0,1.0,15.0,-0.0156285190389
BTC-ETC,5,20,True,True,3.0,1.0,5.0,15.0,0.236338514531
BTC-QTUM,5,8,True,True,5.0,1.0,1.0,5.0,-0.219752086534
BTC-OMG,5,8,True,True,2.0,1.0,1.0,15.0,0.0471090364373
BTC-ETC,5,20,True,True,2.0,1.0,10.0,10.0,0.189525087853
BTC-MTL,5,20,True,True,5.0,1.0,1.0,10.0,-0.00757710764942
BTC-DASH,5,20,True,True,2.0,1.0,5.0,5.0,0.399491687072
BTC-ETC,5,20,True,True,5.0,1.0,1.0,15.0,0.0610405029981
BTC-MCO,5,8,True,True,2.0,1.0,1.0,10.0,-0.0917749443514
BTC-DASH,5,8,True,True,3.0,1.0,1.0,5.0,-0.174853180033
BTC-OMG,5,20,True,True,2.0,1.0,10.0,15.0,0.264761257196
BTC-STRAT,5,8,True,True,2.0,1.0,5.0,10.0,0.142478913967
BTC-ETH,5,8,True,True,3.0,1.0,5.0,10.0,0.0224595686354
BTC-XMR,5,8,True,True,5.0,1.0,10.0,10.0,0.238853675627
BTC-XVG,5,20,True,True,5.0,1.0,1.0,5.0,-0.130434480472
BTC-MTL,5,8,True,True,5.0,1.0,5.0,15.0,0.143881849961
BTC-QTUM,5,8,True,True,5.0,1.0,5.0,15.0,0.0430816194686
BTC-TRIG,5,8,True,True,2.0,1.0,10.0,15.0,0.580998551488
BTC-NAV,5,8,True,True,5.0,1.0,1.0,5.0,-0.418009595517
BTC-RISE,5,8,True,True,5.0,1.0,10.0,5.0,0.496301055741
BTC-NEO,5,8,True,True,3.0,1.0,1.0,10.0,-0.154074157499
BTC-ETH,5,8,True,True,3.0,1.0,5.0,15.0,0.0525683315577
BTC-BCC,5,8,True,True,5.0,1.0,1.0,15.0,-0.21542605386
BTC-XRP,5,20,True,True,5.0,1.0,5.0,10.0,0.362332931771
BTC-RISE,5,20,True,True,2.0,1.0,5.0,5.0,1.18664521173
BTC-NAV,5,8,True,True,3.0,1.0,5.0,5.0,0.618925286421
BTC-OMG,5,20,True,True,5.0,1.0,10.0,5.0,0.27099736976
BTC-MTL,5,20,True,True,2.0,1.0,5.0,10.0,0.497975925003
BTC-ADX,5,8,True,True,3.0,1.0,5.0,15.0,0.330366954782
BTC-LTC,5,8,True,True,3.0,1.0,1.0,10.0,-0.0909980516011
BTC-XMR,5,20,True,True,2.0,1.0,1.0,5.0,0.818403969068
BTC-QTUM,5,20,True,True,3.0,1.0,10.0,5.0,0.314599088969
BTC-XVG,5,20,True,True,5.0,1.0,10.0,15.0,0.389660814297
BTC-XRP,5,20,True,True,2.0,1.0,1.0,15.0,0.443290734343
BTC-MTL,5,20,True,True,5.0,1.0,5.0,5.0,0.384881879635
BTC-ETC,5,8,True,True,5.0,1.0,10.0,10.0,0.0953323137851
BTC-ADX,5,20,True,True,2.0,1.0,5.0,5.0,0.889175229237
BTC-OMG,5,20,True,True,5.0,1.0,10.0,10.0,0.258408658228
BTC-NEO,5,20,True,True,2.0,1.0,1.0,5.0,0.465596133545
BTC-TRIG,5,20,True,True,3.0,1.0,10.0,15.0,0.846778755862
BTC-TRIG,5,8,True,True,3.0,1.0,10.0,15.0,0.563156786861
BTC-TRIG,5,20,True,True,2.0,1.0,5.0,15.0,1.06563601016
BTC-LTC,5,20,True,True,3.0,1.0,10.0,5.0,0.244866808449
BTC-BCC,5,8,True,True,2.0,1.0,5.0,15.0,0.3181487503
BTC-STRAT,5,20,True,True,3.0,1.0,1.0,10.0,0.0872724941441
BTC-MCO,5,8,True,True,3.0,1.0,5.0,5.0,0.587949889761
BTC-MCO,5,8,True,True,2.0,1.0,10.0,5.0,0.522650392667
BTC-STRAT,5,8,True,True,5.0,1.0,1.0,5.0,-0.187333596159
BTC-LTC,5,20,True,True,3.0,1.0,1.0,10.0,0.132489202655
BTC-LSK,5,8,True,True,2.0,1.0,1.0,10.0,0.0785319696057
BTC-ADX,5,20,True,True,5.0,1.0,10.0,5.0,0.594538790587
BTC-ETC,5,8,True,True,2.0,1.0,10.0,10.0,0.147487061909
BTC-OMG,5,8,True,True,2.0,1.0,10.0,15.0,0.194888714562
BTC-LTC,5,8,True,True,5.0,1.0,5.0,10.0,0.0443782908977
BTC-QTUM,5,20,True,True,2.0,1.0,1.0,15.0,0.335299735658
BTC-XMR,5,8,True,True,2.0,1.0,5.0,10.0,0.372710042606
BTC-APX,5,20,True,True,3.0,1.0,10.0,10.0,0.575251315771
BTC-ETH,5,20,True,True,5.0,1.0,10.0,15.0,0.141491169187
BTC-OMG,5,20,True,True,5.0,1.0,10.0,15.0,0.260734941421
BTC-OMG,5,8,True,True,3.0,1.0,5.0,5.0,0.295248126166
BTC-PAY,5,20,True,True,3.0,1.0,10.0,15.0,0.188993112318
BTC-BCC,5,8,True,True,2.0,1.0,10.0,5.0,0.308153349932
BTC-RISE,5,20,True,True,2.0,1.0,1.0,5.0,0.6601852107
BTC-APX,5,8,True,True,2.0,1.0,1.0,10.0,0.207861078612
BTC-QTUM,5,20,True,True,3.0,1.0,1.0,10.0,0.164000820805
BTC-QTUM,5,8,True,True,5.0,1.0,10.0,5.0,0.0542816990766
BTC-NEO,5,20,True,True,5.0,1.0,10.0,10.0,0.166046361617
BTC-QTUM,5,20,True,True,3.0,1.0,5.0,10.0,0.483691748605
BTC-OMG,5,20,True,True,2.0,1.0,10.0,5.0,0.34422816612
BTC-ETH,5,8,True,True,3.0,1.0,10.0,5.0,0.0740115761061
BTC-ADX,5,8,True,True,5.0,1.0,1.0,10.0,-0.308304153648
BTC-NAV,5,8,True,True,5.0,1.0,10.0,15.0,0.425484687253
BTC-BAT,5,8,True,True,2.0,1.0,5.0,5.0,0.324991260237
BTC-XMR,5,8,True,True,5.0,1.0,10.0,5.0,0.228849149961
BTC-BAT,5,20,True,True,2.0,1.0,1.0,15.0,0.445359978472
BTC-TRIG,5,8,True,True,2.0,1.0,10.0,10.0,0.600817445464
BTC-NEO,5,8,True,True,3.0,1.0,5.0,15.0,0.121170838764
BTC-TRIG,5,20,True,True,3.0,1.0,5.0,15.0,1.03648645941
BTC-LSK,5,8,True,True,5.0,1.0,5.0,15.0,0.174102484304
BTC-XRP,5,20,True,True,5.0,1.0,10.0,15.0,0.247557815079
BTC-APX,5,8,True,True,5.0,1.0,1.0,15.0,0.0047092030419
BTC-LTC,5,8,True,True,2.0,1.0,10.0,15.0,0.183481057313
BTC-APX,5,20,True,True,3.0,1.0,5.0,5.0,1.0446091416
BTC-LTC,5,8,True,True,2.0,1.0,10.0,10.0,0.186551972863
BTC-TRIG,5,8,True,True,3.0,1.0,5.0,10.0,0.649067496261
BTC-QTUM,5,8,True,True,3.0,1.0,5.0,10.0,0.19206781465
BTC-BCC,5,20,True,True,3.0,1.0,5.0,15.0,0.574138969095
BTC-LTC,5,8,True,True,5.0,1.0,10.0,15.0,0.154879509283
BTC-TRIG,5,8,True,True,5.0,1.0,10.0,5.0,0.563239579022
BTC-STRAT,5,20,True,True,2.0,1.0,5.0,5.0,0.427314943777
BTC-TRIG,5,20,True,True,3.0,1.0,1.0,10.0,0.215212864709
BTC-XRP,5,8,True,True,2.0,1.0,1.0,15.0,-0.0457070577438
BTC-MTL,5,20,True,True,3.0,1.0,10.0,5.0,0.301065088363
BTC-MCO,5,20,True,True,5.0,1.0,1.0,10.0,-0.0598591384063
BTC-XVG,5,20,True,True,5.0,1.0,10.0,10.0,0.402863670707
BTC-TRIG,5,20,True,True,3.0,1.0,10.0,5.0,0.938345230571
BTC-ETC,5,8,True,True,3.0,1.0,5.0,15.0,0.136844130772
BTC-MTL,5,8,True,True,3.0,1.0,10.0,5.0,0.223833294103
BTC-OMG,5,8,True,True,3.0,1.0,10.0,5.0,0.233079278912
BTC-NAV,5,8,True,True,3.0,1.0,1.0,10.0,-0.086662207931
BTC-BCC,5,8,True,True,2.0,1.0,10.0,10.0,0.287047994163
BTC-XVG,5,8,True,True,3.0,1.0,1.0,5.0,-0.212559904112
BTC-STRAT,5,20,True,True,5.0,1.0,5.0,5.0,0.257127841459
BTC-TRIG,5,8,True,True,3.0,1.0,5.0,15.0,0.602782095139
BTC-XMR,5,8,True,True,5.0,1.0,1.0,5.0,-0.0237759144983
BTC-STRAT,5,8,True,True,5.0,1.0,5.0,5.0,0.0598367396557
BTC-ETC,5,20,True,True,3.0,1.0,1.0,10.0,0.119020388011
BTC-RISE,5,20,True,True,3.0,1.0,10.0,5.0,0.882964060039
BTC-XMR,5,20,True,True,3.0,1.0,1.0,5.0,0.493168759431
BTC-NAV,5,20,True,True,3.0,1.0,1.0,10.0,0.296917095776
BTC-TRIG,5,8,True,True,3.0,1.0,5.0,5.0,0.762186077868
BTC-MTL,5,8,True,True,2.0,1.0,1.0,5.0,-0.0474370650458
BTC-OMG,5,20,True,True,3.0,1.0,5.0,10.0,0.513373236551
BTC-XVG,5,8,True,True,2.0,1.0,10.0,5.0,0.275513283108
BTC-NAV,5,20,True,True,3.0,1.0,5.0,10.0,1.0010587784
BTC-LSK,5,8,True,True,3.0,1.0,1.0,10.0,-0.0650288463592
BTC-ETH,5,8,True,True,3.0,1.0,1.0,10.0,-0.161469671566
BTC-BAT,5,20,True,True,5.0,1.0,5.0,5.0,0.294193324208
BTC-XVG,5,8,True,True,3.0,1.0,5.0,15.0,0.232327727218
BTC-LSK,5,20,True,True,2.0,1.0,10.0,10.0,0.481204739958
BTC-BAT,5,20,True,True,3.0,1.0,5.0,10.0,0.446169339023
BTC-MTL,5,8,True,True,5.0,1.0,10.0,5.0,0.116656827961
BTC-BCC,5,8,True,True,3.0,1.0,10.0,10.0,0.268187260103
BTC-LSK,5,20,True,True,3.0,1.0,1.0,5.0,0.265272870687
BTC-OMG,5,8,True,True,3.0,1.0,1.0,10.0,-0.148246959647
BTC-BAT,5,8,True,True,2.0,1.0,10.0,15.0,0.0996585672274
BTC-LTC,5,20,True,True,3.0,1.0,10.0,15.0,0.228100104266
BTC-STRAT,5,8,True,True,2.0,1.0,5.0,5.0,0.229517607106
BTC-PAY,5,20,True,True,2.0,1.0,10.0,15.0,0.138689004875
BTC-STRAT,5,8,True,True,2.0,1.0,5.0,15.0,0.116618036034
BTC-QTUM,5,20,True,True,5.0,1.0,1.0,5.0,-0.0592271304542
BTC-NAV,5,8,True,True,3.0,1.0,10.0,15.0,0.467741875226
BTC-QTUM,5,8,True,True,2.0,1.0,10.0,10.0,0.123716183282
BTC-NEO,5,20,True,True,2.0,1.0,10.0,10.0,0.188575624399
BTC-ETC,5,20,True,True,3.0,1.0,1.0,15.0,0.11224352613
BTC-XMR,5,20,True,True,2.0,1.0,1.0,15.0,0.58238481438
BTC-XRP,5,20,True,True,2.0,1.0,1.0,5.0,0.532555190077
BTC-LSK,5,8,True,True,5.0,1.0,10.0,10.0,0.268859214573
BTC-QTUM,5,8,True,True,3.0,1.0,1.0,5.0,-0.124837644135
BTC-ETH,5,8,True,True,2.0,1.0,1.0,15.0,-0.00475895089941
BTC-STRAT,5,8,True,True,5.0,1.0,10.0,10.0,0.075401686191
BTC-QTUM,5,20,True,True,3.0,1.0,1.0,5.0,0.287287003314
BTC-BCC,5,8,True,True,5.0,1.0,5.0,5.0,0.149952263506
BTC-QTUM,5,8,True,True,3.0,1.0,1.0,10.0,-0.111764127527
BTC-APX,5,8,True,True,3.0,1.0,5.0,10.0,0.328909490136
BTC-NAV,5,20,True,True,5.0,1.0,10.0,15.0,0.645750752822
BTC-LSK,5,20,True,True,5.0,1.0,1.0,10.0,-0.00258444165494
BTC-APX,5,8,True,True,5.0,1.0,10.0,10.0,0.310647502626
BTC-PAY,5,8,True,True,2.0,1.0,5.0,15.0,0.141304696733
BTC-APX,5,8,True,True,5.0,1.0,10.0,5.0,0.358241065919
BTC-XVG,5,20,True,True,3.0,1.0,5.0,10.0,0.644926834051
BTC-NAV,5,20,True,True,3.0,1.0,10.0,15.0,0.690760944451
BTC-BAT,5,20,True,True,5.0,1.0,5.0,15.0,0.222126902209
BTC-RISE,5,20,True,True,5.0,1.0,10.0,15.0,0.781162990329
BTC-ADX,5,20,True,True,2.0,1.0,10.0,15.0,0.514720537658
BTC-OMG,5,20,True,True,3.0,1.0,1.0,15.0,0.258091271541
BTC-DASH,5,8,True,True,2.0,1.0,10.0,10.0,0.172966827491
BTC-XRP,5,8,True,True,3.0,1.0,1.0,5.0,-0.188046190136
BTC-DASH,5,20,True,True,3.0,1.0,10.0,5.0,0.255275128833
BTC-BAT,5,8,True,True,2.0,1.0,1.0,15.0,-0.0514736274109
BTC-PAY,5,20,True,True,5.0,1.0,5.0,5.0,0.351742162313
BTC-ADX,5,8,True,True,2.0,1.0,1.0,5.0,-0.0508211865022
BTC-PAY,5,20,True,True,2.0,1.0,1.0,10.0,0.417405376008
BTC-XMR,5,20,True,True,2.0,1.0,5.0,5.0,0.646975787613
BTC-BAT,5,20,True,True,5.0,1.0,10.0,10.0,0.257290589
BTC-PAY,5,20,True,True,5.0,1.0,1.0,5.0,-0.161220898003
BTC-NEO,5,20,True,True,5.0,1.0,5.0,10.0,0.248829613448
BTC-LSK,5,8,True,True,2.0,1.0,5.0,10.0,0.458925797397
BTC-BCC,5,8,True,True,3.0,1.0,5.0,15.0,0.337627294728
BTC-BCC,5,20,True,True,5.0,1.0,5.0,15.0,0.473464482057
BTC-XRP,5,8,True,True,2.0,1.0,5.0,10.0,0.249296440791
BTC-MTL,5,20,True,True,5.0,1.0,5.0,15.0,0.310436906943
BTC-PAY,5,20,True,True,2.0,1.0,5.0,10.0,0.39115559933
BTC-ADX,5,8,True,True,3.0,1.0,10.0,5.0,0.361019179267
BTC-PAY,5,20,True,True,5.0,1.0,1.0,15.0,0.0231530448162
BTC-XVG,5,8,True,True,5.0,1.0,1.0,5.0,-0.327912283193
BTC-RISE,5,8,True,True,3.0,1.0,10.0,10.0,0.546566205054
BTC-LSK,5,20,True,True,3.0,1.0,5.0,15.0,0.63986211586
BTC-LTC,5,8,True,True,5.0,1.0,1.0,15.0,-0.075614107618
BTC-QTUM,5,8,True,True,2.0,1.0,5.0,15.0,0.173780429355
BTC-XRP,5,8,True,True,3.0,1.0,5.0,10.0,0.183690873217
BTC-ADX,5,20,True,True,3.0,1.0,10.0,15.0,0.537103270685
BTC-APX,5,20,True,True,5.0,1.0,10.0,10.0,0.526326189785
BTC-NEO,5,8,True,True,2.0,1.0,10.0,5.0,0.164626888039
BTC-STRAT,5,8,True,True,5.0,1.0,1.0,10.0,-0.122404023851
BTC-RISE,5,20,True,True,5.0,1.0,1.0,10.0,0.207316027501
BTC-OMG,5,20,True,True,5.0,1.0,5.0,5.0,0.363558875482
BTC-ADX,5,8,True,True,5.0,1.0,5.0,5.0,0.226977965587
BTC-MTL,5,20,True,True,5.0,1.0,10.0,10.0,0.202098018878
BTC-MTL,5,20,True,True,2.0,1.0,10.0,5.0,0.311776765984
BTC-TRIG,5,20,True,True,5.0,1.0,5.0,5.0,1.04895900208
BTC-QTUM,5,20,True,True,3.0,1.0,10.0,10.0,0.281630106455
BTC-XVG,5,20,True,True,3.0,1.0,5.0,5.0,0.729689339237
BTC-STRAT,5,8,True,True,3.0,1.0,5.0,15.0,0.0565675731163
BTC-NEO,5,20,True,True,5.0,1.0,1.0,5.0,-0.134411114925
BTC-MTL,5,20,True,True,2.0,1.0,5.0,15.0,0.464449597509
BTC-LTC,5,8,True,True,2.0,1.0,10.0,5.0,0.207202767756
BTC-BCC,5,8,True,True,2.0,1.0,5.0,5.0,0.426355786126
BTC-MTL,5,8,True,True,5.0,1.0,10.0,10.0,0.117606568249
BTC-XMR,5,20,True,True,3.0,1.0,5.0,10.0,0.577479066626
BTC-ETC,5,20,True,True,2.0,1.0,10.0,5.0,0.209549984204
BTC-NEO,5,8,True,True,5.0,1.0,5.0,15.0,-0.0360931550408
BTC-XRP,5,8,True,True,3.0,1.0,1.0,15.0,-0.107426865496
BTC-NAV,5,8,True,True,2.0,1.0,1.0,5.0,0.06581588477
BTC-MTL,5,8,True,True,3.0,1.0,5.0,5.0,0.286560465409
BTC-MCO,5,8,True,True,3.0,1.0,10.0,15.0,0.387777623104
BTC-ADX,5,8,True,True,5.0,1.0,5.0,15.0,0.158840517298
BTC-MTL,5,20,True,True,2.0,1.0,1.0,5.0,0.391984488603
BTC-MTL,5,20,True,True,3.0,1.0,5.0,10.0,0.459763541371
BTC-DASH,5,20,True,True,5.0,1.0,1.0,10.0,0.0396149666118
BTC-MTL,5,20,True,True,3.0,1.0,10.0,10.0,0.253486480531
BTC-BAT,5,8,True,True,2.0,1.0,10.0,10.0,0.141086209726
BTC-TRIG,5,8,True,True,2.0,1.0,5.0,5.0,0.842415430514
BTC-NAV,5,8,True,True,5.0,1.0,5.0,15.0,0.319970922981
BTC-BCC,5,8,True,True,2.0,1.0,5.0,10.0,0.374904939595
BTC-XVG,5,8,True,True,3.0,1.0,10.0,5.0,0.247162321606
BTC-BAT,5,8,True,True,2.0,1.0,1.0,10.0,0.0153872832539
BTC-PAY,5,8,True,True,5.0,1.0,5.0,15.0,-0.088522006409
BTC-PAY,5,8,True,True,2.0,1.0,5.0,10.0,0.210536068579
BTC-APX,5,20,True,True,2.0,1.0,5.0,15.0,0.921787763764
BTC-DASH,5,20,True,True,5.0,1.0,10.0,10.0,0.245770949857
BTC-TRIG,5,8,True,True,5.0,1.0,5.0,15.0,0.447172356018
BTC-ADX,5,8,True,True,5.0,1.0,1.0,15.0,-0.294640377324
BTC-OMG,5,8,True,True,5.0,1.0,1.0,15.0,-0.0831359574179
BTC-ETC,5,8,True,True,5.0,1.0,5.0,10.0,0.131092141853
BTC-DASH,5,20,True,True,3.0,1.0,5.0,10.0,0.350625714269
BTC-BCC,5,8,True,True,3.0,1.0,5.0,5.0,0.406606685449
BTC-XRP,5,20,True,True,3.0,1.0,5.0,15.0,0.438839778357
BTC-STRAT,5,20,True,True,3.0,1.0,10.0,15.0,0.1743927972
BTC-QTUM,5,8,True,True,5.0,1.0,1.0,10.0,-0.177091359628
BTC-BAT,5,8,True,True,2.0,1.0,1.0,5.0,-0.00727841490248
BTC-RISE,5,20,True,True,3.0,1.0,10.0,10.0,0.844167137785
BTC-DASH,5,8,True,True,3.0,1.0,10.0,5.0,0.183191794925
BTC-ETC,5,20,True,True,2.0,1.0,5.0,10.0,0.331792010706
BTC-MCO,5,20,True,True,2.0,1.0,1.0,15.0,0.218737087282
BTC-APX,5,20,True,True,5.0,1.0,5.0,5.0,0.868865817298
BTC-MTL,5,20,True,True,3.0,1.0,10.0,15.0,0.245183946456
BTC-NEO,5,8,True,True,3.0,1.0,10.0,15.0,0.063386431723
BTC-DASH,5,8,True,True,5.0,1.0,5.0,15.0,0.142055909679
BTC-ETC,5,20,True,True,2.0,1.0,5.0,5.0,0.34582953961
BTC-BCC,5,20,True,True,5.0,1.0,1.0,10.0,0.178582538372
BTC-DASH,5,20,True,True,3.0,1.0,10.0,10.0,0.247376865669
BTC-ETC,5,8,True,True,3.0,1.0,1.0,10.0,0.0162550001676
BTC-STRAT,5,8,True,True,5.0,1.0,1.0,15.0,-0.140843912702
BTC-OMG,5,8,True,True,2.0,1.0,5.0,5.0,0.366900925956
BTC-NEO,5,20,True,True,3.0,1.0,5.0,10.0,0.437005641933
BTC-RISE,5,20,True,True,3.0,1.0,10.0,15.0,0.814073939641
BTC-PAY,5,8,True,True,3.0,1.0,1.0,15.0,-0.14843106318
BTC-XMR,5,20,True,True,2.0,1.0,5.0,10.0,0.573830318982
BTC-NAV,5,20,True,True,3.0,1.0,5.0,5.0,1.07321023826
BTC-RISE,5,8,True,True,5.0,1.0,5.0,5.0,0.501459186235
BTC-ADX,5,20,True,True,2.0,1.0,1.0,5.0,0.593301119726
BTC-ETH,5,20,True,True,3.0,1.0,1.0,15.0,0.204029180684
BTC-LSK,5,20,True,True,5.0,1.0,10.0,15.0,0.409179810597
BTC-APX,5,8,True,True,5.0,1.0,10.0,15.0,0.259987138286
BTC-LSK,5,8,True,True,3.0,1.0,1.0,5.0,-0.0992121107533
BTC-LTC,5,20,True,True,5.0,1.0,1.0,10.0,-0.0143306818042
BTC-STRAT,5,20,True,True,2.0,1.0,1.0,5.0,0.41256092717
BTC-ADX,5,8,True,True,5.0,1.0,10.0,5.0,0.275023588405
BTC-LTC,5,8,True,True,5.0,1.0,10.0,5.0,0.115731989531
BTC-BAT,5,20,True,True,5.0,1.0,5.0,10.0,0.259314823564
BTC-RISE,5,8,True,True,2.0,1.0,10.0,10.0,0.598538044668
BTC-NAV,5,8,True,True,2.0,1.0,1.0,15.0,0.143093518945
BTC-NEO,5,8,True,True,3.0,1.0,1.0,15.0,-0.143115481218
BTC-NEO,5,8,True,True,2.0,1.0,1.0,10.0,-0.0168616174628
BTC-PAY,5,20,True,True,3.0,1.0,5.0,15.0,0.494269074785
BTC-APX,5,8,True,True,2.0,1.0,5.0,15.0,0.357420629394
BTC-XRP,5,8,True,True,5.0,1.0,10.0,15.0,0.111591298937
BTC-OMG,5,8,True,True,5.0,1.0,10.0,15.0,0.0800379189571
BTC-ADX,5,8,True,True,2.0,1.0,5.0,5.0,0.590805540602
BTC-ETH,5,20,True,True,3.0,1.0,10.0,5.0,0.110545440875
BTC-MTL,5,20,True,True,2.0,1.0,5.0,5.0,0.608772018968
BTC-MCO,5,8,True,True,3.0,1.0,10.0,5.0,0.494472553556
BTC-RISE,5,20,True,True,5.0,1.0,5.0,5.0,0.967590203503
BTC-TRIG,5,8,True,True,2.0,1.0,5.0,10.0,0.671257771315
BTC-MTL,5,8,True,True,5.0,1.0,1.0,10.0,-0.134047152715
BTC-RISE,5,8,True,True,2.0,1.0,1.0,15.0,-3.59222774794e-06
BTC-MCO,5,8,True,True,5.0,1.0,5.0,15.0,0.228443863815
BTC-ETC,5,20,True,True,5.0,1.0,5.0,10.0,0.184834602094
BTC-LSK,5,20,True,True,5.0,1.0,1.0,5.0,-0.080279641552
BTC-ETH,5,20,True,True,5.0,1.0,5.0,10.0,0.129195427645
BTC-OMG,5,8,True,True,2.0,1.0,1.0,5.0,0.0599231784258
BTC-NAV,5,20,True,True,5.0,1.0,10.0,10.0,0.654277460387
BTC-ETH,5,8,True,True,5.0,1.0,10.0,5.0,0.0392784310453
BTC-LSK,5,8,True,True,5.0,1.0,1.0,15.0,-0.157729607523
BTC-ADX,5,8,True,True,2.0,1.0,10.0,5.0,0.395939812961
BTC-MTL,5,20,True,True,3.0,1.0,5.0,15.0,0.416436051405
BTC-RISE,5,20,True,True,5.0,1.0,5.0,10.0,0.900867619804
BTC-BCC,5,20,True,True,3.0,1.0,1.0,5.0,0.503504622191
BTC-NEO,5,8,True,True,2.0,1.0,5.0,10.0,0.233210902624
BTC-APX,5,20,True,True,5.0,1.0,10.0,5.0,0.566384958406
BTC-OMG,5,8,True,True,2.0,1.0,10.0,5.0,0.244739299334
BTC-XVG,5,8,True,True,3.0,1.0,5.0,5.0,0.326855207637
BTC-STRAT,5,8,True,True,3.0,1.0,1.0,5.0,-0.104573264558
BTC-TRIG,5,8,True,True,2.0,1.0,1.0,5.0,-0.0522954534081
BTC-BAT,5,20,True,True,5.0,1.0,1.0,10.0,0.0780384829455
BTC-LSK,5,20,True,True,3.0,1.0,5.0,10.0,0.7251761658
BTC-NEO,5,20,True,True,2.0,1.0,5.0,10.0,0.393239085342
BTC-XVG,5,8,True,True,5.0,1.0,10.0,5.0,0.155208489642
BTC-RISE,5,8,True,True,5.0,1.0,1.0,5.0,-0.271351830642
BTC-XVG,5,8,True,True,5.0,1.0,5.0,10.0,0.0866221201516
BTC-XMR,5,20,True,True,5.0,1.0,10.0,5.0,0.353569968707
BTC-TRIG,5,8,True,True,5.0,1.0,1.0,10.0,-0.315608948181
BTC-APX,5,20,True,True,3.0,1.0,1.0,15.0,0.342180783928
BTC-OMG,5,8,True,True,3.0,1.0,10.0,15.0,0.200518538021
BTC-PAY,5,8,True,True,5.0,1.0,1.0,15.0,-0.216212068607
BTC-BAT,5,8,True,True,5.0,1.0,5.0,10.0,0.020493252465
BTC-XVG,5,20,True,True,2.0,1.0,10.0,5.0,0.451373008804
BTC-XVG,5,20,True,True,2.0,1.0,5.0,15.0,0.594552302804
BTC-RISE,5,8,True,True,2.0,1.0,1.0,5.0,0.100175037936
BTC-BAT,5,20,True,True,2.0,1.0,1.0,5.0,0.554804590155
BTC-TRIG,5,20,True,True,2.0,1.0,10.0,5.0,0.946148512688
BTC-BCC,5,20,True,True,3.0,1.0,10.0,10.0,0.414939623817
BTC-QTUM,5,20,True,True,2.0,1.0,10.0,15.0,0.23684700928
BTC-ADX,5,20,True,True,5.0,1.0,1.0,15.0,0.0361335888089
BTC-QTUM,5,20,True,True,2.0,1.0,5.0,15.0,0.439138286202
BTC-XMR,5,8,True,True,3.0,1.0,1.0,5.0,0.0555167023839
BTC-MCO,5,20,True,True,5.0,1.0,10.0,15.0,0.59872929464
BTC-ETC,5,8,True,True,2.0,1.0,10.0,15.0,0.150859345384
BTC-LTC,5,20,True,True,5.0,1.0,5.0,10.0,0.201570663043
BTC-MCO,5,20,True,True,2.0,1.0,5.0,15.0,0.881067343053
BTC-QTUM,5,20,True,True,2.0,1.0,10.0,10.0,0.271995162847
BTC-MTL,5,20,True,True,2.0,1.0,10.0,15.0,0.247906636363
BTC-OMG,5,8,True,True,2.0,1.0,1.0,10.0,-0.0176769037908
BTC-XRP,5,20,True,True,2.0,1.0,10.0,15.0,0.254887034298
BTC-XMR,5,20,True,True,5.0,1.0,1.0,10.0,0.138357858536
BTC-DASH,5,8,True,True,3.0,1.0,10.0,10.0,0.171948468542
BTC-PAY,5,20,True,True,5.0,1.0,10.0,15.0,0.167447622295
BTC-ETC,5,8,True,True,5.0,1.0,10.0,5.0,0.143133531489
BTC-LSK,5,8,True,True,5.0,1.0,5.0,5.0,0.25838687619
BTC-NEO,5,20,True,True,3.0,1.0,5.0,5.0,0.563265672896
BTC-BCC,5,8,True,True,3.0,1.0,10.0,5.0,0.297050365469
BTC-ADX,5,20,True,True,5.0,1.0,10.0,15.0,0.531471284246
BTC-APX,5,20,True,True,2.0,1.0,10.0,15.0,0.510384631824
BTC-ADX,5,20,True,True,3.0,1.0,10.0,10.0,0.567027057309
BTC-MTL,5,8,True,True,5.0,1.0,5.0,10.0,0.121415744994
BTC-ADX,5,20,True,True,3.0,1.0,1.0,15.0,0.227573608101
BTC-RISE,5,20,True,True,5.0,1.0,10.0,10.0,0.804658917618
BTC-ADX,5,8,True,True,3.0,1.0,5.0,10.0,0.384929451452
BTC-MTL,5,8,True,True,2.0,1.0,10.0,5.0,0.225079289467
BTC-APX,5,8,True,True,3.0,1.0,10.0,15.0,0.259987138286
BTC-NEO,5,8,True,True,3.0,1.0,10.0,10.0,0.114476905202
BTC-ETC,5,20,True,True,3.0,1.0,10.0,15.0,0.164988946533
BTC-XVG,5,20,True,True,2.0,1.0,5.0,10.0,0.657537173454
BTC-ETH,5,20,True,True,5.0,1.0,10.0,10.0,0.141491169187
BTC-XVG,5,20,True,True,2.0,1.0,1.0,5.0,0.450728794296
BTC-QTUM,5,20,True,True,2.0,1.0,1.0,10.0,0.3943833044
BTC-LTC,5,8,True,True,3.0,1.0,5.0,5.0,0.0549060581163
BTC-PAY,5,8,True,True,2.0,1.0,5.0,5.0,0.279524794615
BTC-BAT,5,20,True,True,2.0,1.0,5.0,10.0,0.480226057271
BTC-RISE,5,20,True,True,2.0,1.0,1.0,15.0,0.468391890688
BTC-XVG,5,8,True,True,3.0,1.0,10.0,15.0,0.222960821546
BTC-DASH,5,8,True,True,5.0,1.0,10.0,10.0,0.148340167351
BTC-MCO,5,8,True,True,5.0,1.0,10.0,15.0,0.300216898589
BTC-ADX,5,8,True,True,2.0,1.0,1.0,10.0,-0.0362745782967
BTC-OMG,5,8,True,True,3.0,1.0,1.0,15.0,-0.025447897321
BTC-MTL,5,8,True,True,3.0,1.0,10.0,15.0,0.146448545162
BTC-MTL,5,20,True,True,5.0,1.0,1.0,15.0,0.01512696931
BTC-ETC,5,8,True,True,2.0,1.0,1.0,5.0,0.0877052475716
BTC-LSK,5,8,True,True,2.0,1.0,1.0,15.0,0.0610089987294
BTC-LSK,5,8,True,True,3.0,1.0,1.0,15.0,-0.0828195074739
BTC-ADX,5,8,True,True,3.0,1.0,5.0,5.0,0.483305560409
BTC-PAY,5,8,True,True,2.0,1.0,1.0,15.0,-0.0376667061308
BTC-XVG,5,8,True,True,2.0,1.0,1.0,5.0,-0.0448081031143
BTC-STRAT,5,20,True,True,2.0,1.0,5.0,10.0,0.354459570618
BTC-PAY,5,20,True,True,3.0,1.0,5.0,10.0,0.53774543046
BTC-STRAT,5,20,True,True,3.0,1.0,10.0,5.0,0.231704299354
BTC-ADX,5,20,True,True,5.0,1.0,5.0,5.0,0.708666887203
BTC-XVG,5,20,True,True,3.0,1.0,1.0,10.0,0.160613296517
BTC-LTC,5,20,True,True,5.0,1.0,10.0,10.0,0.219910523384
BTC-OMG,5,8,True,True,5.0,1.0,5.0,10.0,0.0404888835986
BTC-LTC,5,8,True,True,3.0,1.0,1.0,15.0,-0.0534684837797
BTC-APX,5,8,True,True,2.0,1.0,5.0,5.0,0.57013577741
BTC-XRP,5,20,True,True,3.0,1.0,1.0,10.0,0.268462332241
BTC-OMG,5,8,True,True,2.0,1.0,5.0,15.0,0.251371769098
BTC-APX,5,20,True,True,2.0,1.0,1.0,15.0,0.490637216596
BTC-STRAT,5,20,True,True,2.0,1.0,10.0,10.0,0.18657125394
BTC-LSK,5,8,True,True,5.0,1.0,10.0,15.0,0.253568580924
BTC-XRP,5,8,True,True,5.0,1.0,1.0,15.0,-0.16400997884
BTC-XMR,5,8,True,True,2.0,1.0,1.0,5.0,0.181871969575
BTC-ETH,5,8,True,True,5.0,1.0,5.0,10.0,-0.0160065500688
BTC-APX,5,20,True,True,3.0,1.0,1.0,10.0,0.436735921571
BTC-BCC,5,20,True,True,3.0,1.0,5.0,5.0,0.68998839654
BTC-LSK,5,20,True,True,3.0,1.0,1.0,10.0,0.261982870921
BTC-BAT,5,8,True,True,2.0,1.0,10.0,5.0,0.215857097333
BTC-STRAT,5,20,True,True,2.0,1.0,10.0,15.0,0.174608985509
BTC-OMG,5,8,True,True,5.0,1.0,5.0,5.0,0.0654235207929
BTC-NEO,5,8,True,True,5.0,1.0,1.0,10.0,-0.270387452716
BTC-XMR,5,20,True,True,3.0,1.0,10.0,5.0,0.418119719057
BTC-XRP,5,20,True,True,5.0,1.0,1.0,15.0,0.0954831117618
BTC-XRP,5,20,True,True,5.0,1.0,10.0,5.0,0.278213266827
BTC-LSK,5,8,True,True,3.0,1.0,10.0,15.0,0.288450897132
BTC-DASH,5,8,True,True,3.0,1.0,5.0,10.0,0.203326293404
BTC-STRAT,5,20,True,True,3.0,1.0,5.0,5.0,0.370577899876
BTC-XMR,5,8,True,True,3.0,1.0,5.0,5.0,0.315561165433
BTC-APX,5,20,True,True,5.0,1.0,5.0,15.0,0.78373021817
BTC-QTUM,5,8,True,True,2.0,1.0,10.0,15.0,0.111260103706
BTC-ADX,5,8,True,True,2.0,1.0,1.0,15.0,-0.128761494034
BTC-LSK,5,8,True,True,5.0,1.0,5.0,10.0,0.263121675729
BTC-OMG,5,8,True,True,2.0,1.0,5.0,10.0,0.304463295069
BTC-OMG,5,20,True,True,2.0,1.0,10.0,10.0,0.318464117595
BTC-MCO,5,8,True,True,3.0,1.0,5.0,15.0,0.431334357993
BTC-ETC,5,20,True,True,5.0,1.0,5.0,5.0,0.199780887759
BTC-XVG,5,8,True,True,2.0,1.0,5.0,5.0,0.391110915967
BTC-TRIG,5,8,True,True,5.0,1.0,5.0,5.0,0.529615889009
BTC-TRIG,5,20,True,True,3.0,1.0,5.0,5.0,1.18828026073
BTC-ETH,5,8,True,True,2.0,1.0,10.0,5.0,0.0456895787513
BTC-STRAT,5,20,True,True,5.0,1.0,10.0,5.0,0.18019892591
BTC-DASH,5,8,True,True,2.0,1.0,1.0,15.0,0.0444733646887
BTC-NEO,5,20,True,True,5.0,1.0,5.0,15.0,0.218883439497
BTC-BAT,5,8,True,True,3.0,1.0,10.0,5.0,0.128951888943
BTC-STRAT,5,20,True,True,3.0,1.0,5.0,10.0,0.302013345614
BTC-DASH,5,20,True,True,5.0,1.0,10.0,15.0,0.229446648706
BTC-LTC,5,8,True,True,2.0,1.0,5.0,15.0,0.225857929006
BTC-QTUM,5,8,True,True,5.0,1.0,10.0,15.0,0.0867403663382
BTC-BAT,5,8,True,True,5.0,1.0,1.0,15.0,-0.184408292655
BTC-MTL,5,8,True,True,2.0,1.0,5.0,10.0,0.276079699443
BTC-XVG,5,20,True,True,3.0,1.0,10.0,5.0,0.45057963443
BTC-RISE,5,20,True,True,3.0,1.0,5.0,5.0,1.15945816595
BTC-ETH,5,8,True,True,2.0,1.0,5.0,10.0,0.00832401515766
BTC-PAY,5,8,True,True,2.0,1.0,1.0,10.0,0.0794741607872
BTC-ETC,5,20,True,True,2.0,1.0,5.0,15.0,0.259291733692
BTC-ETC,5,8,True,True,3.0,1.0,5.0,5.0,0.187961442916
BTC-XVG,5,20,True,True,3.0,1.0,1.0,5.0,0.169218477886
BTC-LTC,5,20,True,True,2.0,1.0,10.0,15.0,0.245518127451
BTC-STRAT,5,20,True,True,5.0,1.0,5.0,10.0,0.207153303419
BTC-NEO,5,20,True,True,2.0,1.0,1.0,10.0,0.285416551049
BTC-RISE,5,20,True,True,2.0,1.0,1.0,10.0,0.555098025271
BTC-ETH,5,20,True,True,5.0,1.0,1.0,10.0,0.07280537669
BTC-NAV,5,8,True,True,5.0,1.0,10.0,5.0,0.409981112505
BTC-MCO,5,8,True,True,2.0,1.0,1.0,15.0,-0.0383235632321
BTC-TRIG,5,8,True,True,3.0,1.0,1.0,10.0,-0.185193783736
BTC-STRAT,5,20,True,True,2.0,1.0,5.0,15.0,0.2069574505
BTC-OMG,5,8,True,True,2.0,1.0,10.0,10.0,0.232409143327
BTC-LSK,5,8,True,True,2.0,1.0,5.0,15.0,0.411325913187
BTC-NAV,5,20,True,True,3.0,1.0,5.0,15.0,0.940955893881
BTC-LSK,5,8,True,True,2.0,1.0,5.0,5.0,0.493154100987
BTC-ETH,5,8,True,True,3.0,1.0,5.0,5.0,0.0190316611075
BTC-PAY,5,8,True,True,3.0,1.0,1.0,10.0,-0.057770157286
BTC-QTUM,5,8,True,True,3.0,1.0,5.0,5.0,0.241968744552
BTC-LSK,5,20,True,True,3.0,1.0,10.0,5.0,0.499849691329
BTC-BCC,5,8,True,True,5.0,1.0,5.0,10.0,0.137017208676
BTC-TRIG,5,20,True,True,3.0,1.0,1.0,15.0,0.24438294642
BTC-XVG,5,8,True,True,5.0,1.0,1.0,15.0,-0.214020639826
BTC-MCO,5,20,True,True,3.0,1.0,5.0,15.0,0.820382802814
BTC-LSK,5,20,True,True,3.0,1.0,1.0,15.0,0.265522250229
BTC-NAV,5,8,True,True,2.0,1.0,5.0,15.0,0.540080833551
BTC-NEO,5,8,True,True,2.0,1.0,10.0,15.0,0.0574295057997
BTC-XVG,5,8,True,True,3.0,1.0,1.0,10.0,-0.115653402589
BTC-APX,5,8,True,True,3.0,1.0,1.0,5.0,0.0161655569917
BTC-QTUM,5,8,True,True,2.0,1.0,5.0,5.0,0.295565002911
BTC-LSK,5,8,True,True,3.0,1.0,10.0,10.0,0.294491910851
BTC-APX,5,8,True,True,2.0,1.0,10.0,5.0,0.460197329839
BTC-XRP,5,20,True,True,2.0,1.0,5.0,5.0,0.536810722456
BTC-BCC,5,8,True,True,5.0,1.0,10.0,10.0,0.170687504388
BTC-XMR,5,8,True,True,2.0,1.0,5.0,15.0,0.385936868836
BTC-ETH,5,20,True,True,5.0,1.0,1.0,15.0,0.07280537669
BTC-STRAT,5,20,True,True,5.0,1.0,10.0,15.0,0.164697781896
BTC-XVG,5,8,True,True,3.0,1.0,10.0,10.0,0.20177006476
BTC-NAV,5,8,True,True,5.0,1.0,10.0,10.0,0.398238772925
BTC-QTUM,5,20,True,True,5.0,1.0,5.0,10.0,0.302421656234
BTC-DASH,5,8,True,True,2.0,1.0,5.0,10.0,0.217203543963
BTC-PAY,5,20,True,True,5.0,1.0,10.0,5.0,0.225785609255
BTC-XRP,5,8,True,True,5.0,1.0,5.0,10.0,0.0572997426548
BTC-XMR,5,20,True,True,5.0,1.0,1.0,15.0,0.139804497533
BTC-NAV,5,20,True,True,2.0,1.0,10.0,5.0,0.763625663367
BTC-ETH,5,20,True,True,2.0,1.0,10.0,15.0,0.11110236266
BTC-MTL,5,8,True,True,3.0,1.0,5.0,10.0,0.2331970057
BTC-QTUM,5,20,True,True,5.0,1.0,10.0,10.0,0.247731685241
BTC-QTUM,5,8,True,True,5.0,1.0,1.0,15.0,-0.155827085679
BTC-STRAT,5,20,True,True,5.0,1.0,1.0,5.0,-0.10359224397
BTC-XMR,5,8,True,True,3.0,1.0,1.0,10.0,0.028641320211
BTC-DASH,5,8,True,True,5.0,1.0,1.0,10.0,-0.12544435623
BTC-NAV,5,20,True,True,3.0,1.0,1.0,5.0,0.326452769544
BTC-QTUM,5,20,True,True,3.0,1.0,1.0,15.0,0.10488232957
BTC-PAY,5,8,True,True,3.0,1.0,5.0,5.0,0.182545549293
BTC-STRAT,5,20,True,True,5.0,1.0,5.0,15.0,0.135698925217
BTC-TRIG,5,8,True,True,3.0,1.0,10.0,10.0,0.570631001134
BTC-ETC,5,20,True,True,3.0,1.0,5.0,10.0,0.238620474735
BTC-XMR,5,8,True,True,2.0,1.0,10.0,15.0,0.299052548814
BTC-MCO,5,8,True,True,3.0,1.0,1.0,15.0,-0.153228674908
BTC-ADX,5,8,True,True,3.0,1.0,10.0,15.0,0.265029242683
BTC-APX,5,8,True,True,2.0,1.0,10.0,10.0,0.345719822057
BTC-OMG,5,8,True,True,3.0,1.0,5.0,15.0,0.230116727175
BTC-MCO,5,8,True,True,2.0,1.0,10.0,10.0,0.467185731941
BTC-MTL,5,20,True,True,2.0,1.0,1.0,15.0,0.244615977003
BTC-DASH,5,20,True,True,2.0,1.0,10.0,10.0,0.26414134796
BTC-XRP,5,8,True,True,2.0,1.0,10.0,5.0,0.199080713649
BTC-LTC,5,20,True,True,5.0,1.0,10.0,5.0,0.185758514305
BTC-ETH,5,20,True,True,2.0,1.0,1.0,15.0,0.363404618649
BTC-QTUM,5,20,True,True,5.0,1.0,5.0,15.0,0.285406311275
BTC-NAV,5,20,True,True,2.0,1.0,1.0,10.0,0.505725062997
BTC-PAY,5,8,True,True,3.0,1.0,5.0,10.0,0.122259218483
BTC-LTC,5,8,True,True,5.0,1.0,10.0,10.0,0.150669256685
BTC-STRAT,5,20,True,True,2.0,1.0,1.0,15.0,0.258534915283
BTC-XVG,5,20,True,True,2.0,1.0,1.0,15.0,0.205068466598
BTC-RISE,5,20,True,True,2.0,1.0,5.0,15.0,0.999835976126
BTC-XMR,5,20,True,True,3.0,1.0,10.0,15.0,0.366842421957
BTC-ADX,5,20,True,True,3.0,1.0,10.0,5.0,0.616100321351
BTC-MCO,5,20,True,True,3.0,1.0,1.0,10.0,0.180806311749
BTC-XVG,5,20,True,True,5.0,1.0,1.0,15.0,-0.0538228415736
BTC-LTC,5,20,True,True,2.0,1.0,5.0,10.0,0.370713968942
BTC-XRP,5,20,True,True,5.0,1.0,5.0,15.0,0.380882914765
BTC-ETC,5,8,True,True,2.0,1.0,5.0,10.0,0.210273430137
BTC-DASH,5,20,True,True,2.0,1.0,5.0,15.0,0.36338289847
BTC-BCC,5,20,True,True,2.0,1.0,5.0,15.0,0.563272466673
BTC-ETH,5,8,True,True,5.0,1.0,5.0,5.0,0.0374188578134
BTC-ETH,5,20,True,True,3.0,1.0,5.0,15.0,0.189233771667
BTC-LSK,5,20,True,True,2.0,1.0,1.0,15.0,0.407276017112
BTC-MCO,5,20,True,True,3.0,1.0,10.0,15.0,0.626469381714
BTC-MCO,5,20,True,True,5.0,1.0,10.0,10.0,0.66297858794
BTC-XRP,5,8,True,True,5.0,1.0,10.0,5.0,0.0481985118326
BTC-ETC,5,20,True,True,5.0,1.0,1.0,10.0,-0.00036785425294
BTC-ADX,5,20,True,True,2.0,1.0,5.0,10.0,0.783839560341
BTC-OMG,5,20,True,True,5.0,1.0,1.0,15.0,0.0710482703813
BTC-XVG,5,8,True,True,2.0,1.0,10.0,10.0,0.2372192707
BTC-LSK,5,20,True,True,5.0,1.0,10.0,10.0,0.41614948655
BTC-TRIG,5,8,True,True,2.0,1.0,10.0,5.0,0.693118577657
BTC-XMR,5,8,True,True,2.0,1.0,10.0,10.0,0.327957455195
BTC-DASH,5,20,True,True,5.0,1.0,10.0,5.0,0.242152592079
BTC-ETH,5,20,True,True,5.0,1.0,1.0,5.0,0.07280537669
BTC-APX,5,8,True,True,5.0,1.0,1.0,10.0,0.119560665987
BTC-STRAT,5,8,True,True,3.0,1.0,5.0,10.0,0.0489907978773
BTC-RISE,5,8,True,True,2.0,1.0,1.0,10.0,0.0384476984409
BTC-BAT,5,8,True,True,5.0,1.0,1.0,5.0,-0.26833734144
BTC-ETC,5,8,True,True,2.0,1.0,5.0,5.0,0.200352580967
BTC-XRP,5,8,True,True,3.0,1.0,5.0,15.0,0.18254753895
BTC-NEO,5,8,True,True,3.0,1.0,10.0,5.0,0.127489369743
BTC-RISE,5,20,True,True,3.0,1.0,1.0,10.0,0.420147120824
BTC-RISE,5,8,True,True,5.0,1.0,5.0,15.0,0.368768685763
BTC-XMR,5,20,True,True,3.0,1.0,1.0,10.0,0.400106116763
BTC-PAY,5,20,True,True,2.0,1.0,5.0,15.0,0.37187556249
BTC-DASH,5,20,True,True,2.0,1.0,10.0,15.0,0.253198916425
BTC-MCO,5,20,True,True,3.0,1.0,5.0,5.0,1.06764733303
BTC-BAT,5,8,True,True,5.0,1.0,5.0,5.0,0.0619493922085
BTC-QTUM,5,20,True,True,3.0,1.0,5.0,5.0,0.55441038371
BTC-BCC,5,8,True,True,5.0,1.0,1.0,10.0,-0.243060907205
BTC-MCO,5,8,True,True,5.0,1.0,1.0,10.0,-0.349167285381
BTC-RISE,5,8,True,True,2.0,1.0,5.0,10.0,0.724673835531
BTC-MCO,5,20,True,True,3.0,1.0,10.0,5.0,0.74391838829
BTC-ETC,5,8,True,True,3.0,1.0,1.0,5.0,0.00672765165763
BTC-OMG,5,20,True,True,3.0,1.0,1.0,5.0,0.34495301778
BTC-QTUM,5,8,True,True,5.0,1.0,5.0,10.0,0.0460253353342
BTC-MCO,5,20,True,True,3.0,1.0,1.0,15.0,0.101683679787
BTC-LSK,5,8,True,True,2.0,1.0,10.0,15.0,0.311535828363
BTC-ETC,5,8,True,True,5.0,1.0,1.0,10.0,-0.0144918601881
BTC-XMR,5,8,True,True,5.0,1.0,1.0,15.0,0.00524386759202
BTC-ADX,5,8,True,True,2.0,1.0,10.0,10.0,0.337934149806
BTC-LSK,5,20,True,True,3.0,1.0,10.0,15.0,0.440277342955
BTC-BCC,5,8,True,True,3.0,1.0,1.0,10.0,-0.0823310288226
BTC-TRIG,5,20,True,True,2.0,1.0,5.0,10.0,1.10763447593
BTC-STRAT,5,20,True,True,5.0,1.0,1.0,10.0,-0.0590730354264
BTC-ADX,5,20,True,True,3.0,1.0,1.0,10.0,0.283922565481
BTC-NAV,5,8,True,True,2.0,1.0,5.0,5.0,0.693208144188
BTC-OMG,5,20,True,True,3.0,1.0,5.0,5.0,0.552286236521
BTC-ETC,5,8,True,True,3.0,1.0,5.0,10.0,0.16632971483
BTC-LTC,5,8,True,True,2.0,1.0,1.0,15.0,0.0074319399799
BTC-DASH,5,20,True,True,3.0,1.0,1.0,5.0,0.104734999407
BTC-DASH,5,20,True,True,2.0,1.0,1.0,5.0,0.420099881278
BTC-TRIG,5,20,True,True,5.0,1.0,5.0,10.0,0.97622621339
BTC-XRP,5,20,True,True,2.0,1.0,10.0,10.0,0.276599072654
BTC-ETH,5,20,True,True,2.0,1.0,1.0,10.0,0.363404618649
BTC-PAY,5,20,True,True,2.0,1.0,10.0,10.0,0.218167071184
BTC-BAT,5,20,True,True,3.0,1.0,1.0,5.0,0.218056369263
BTC-TRIG,5,20,True,True,5.0,1.0,10.0,10.0,0.854187890841
BTC-XVG,5,8,True,True,2.0,1.0,10.0,15.0,0.219249278681
BTC-ETH,5,8,True,True,3.0,1.0,1.0,15.0,-0.0510516079978
BTC-XRP,5,8,True,True,2.0,1.0,1.0,10.0,-0.0407450998593
BTC-RISE,5,8,True,True,3.0,1.0,5.0,15.0,0.577531096829
BTC-XRP,5,8,True,True,3.0,1.0,10.0,5.0,0.146449106892
BTC-BCC,5,8,True,True,5.0,1.0,1.0,5.0,-0.189149272089
BTC-XRP,5,20,True,True,2.0,1.0,5.0,10.0,0.48497317465
BTC-ADX,5,20,True,True,5.0,1.0,10.0,10.0,0.548624030748
BTC-MCO,5,8,True,True,2.0,1.0,5.0,10.0,0.578082375021
BTC-ADX,5,8,True,True,2.0,1.0,5.0,15.0,0.384128909586
BTC-NEO,5,20,True,True,5.0,1.0,5.0,5.0,0.294849047485
BTC-PAY,5,20,True,True,2.0,1.0,10.0,5.0,0.245437695684
BTC-PAY,5,8,True,True,2.0,1.0,10.0,15.0,0.00701662151689
BTC-MCO,5,20,True,True,2.0,1.0,5.0,10.0,0.99122221107
BTC-QTUM,5,20,True,True,3.0,1.0,10.0,15.0,0.258140848204
BTC-OMG,5,8,True,True,3.0,1.0,5.0,10.0,0.279615975495
BTC-DASH,5,8,True,True,5.0,1.0,10.0,15.0,0.138328695581
BTC-BCC,5,20,True,True,2.0,1.0,5.0,10.0,0.61381673161
BTC-BAT,5,8,True,True,5.0,1.0,10.0,15.0,0.0360700361436
BTC-APX,5,8,True,True,5.0,1.0,5.0,15.0,0.247647511754
BTC-APX,5,8,True,True,3.0,1.0,1.0,15.0,0.0616768059541
BTC-NEO,5,20,True,True,3.0,1.0,10.0,10.0,0.192810968768
BTC-QTUM,5,8,True,True,2.0,1.0,10.0,5.0,0.184452998218
BTC-STRAT,5,8,True,True,5.0,1.0,10.0,15.0,0.0297352026383
BTC-LTC,5,8,True,True,3.0,1.0,5.0,10.0,0.0970119938737
BTC-MTL,5,8,True,True,5.0,1.0,1.0,5.0,-0.281709685301
BTC-LSK,5,8,True,True,2.0,1.0,10.0,10.0,0.333070289835
BTC-MCO,5,20,True,True,5.0,1.0,1.0,15.0,-0.0439027283487
BTC-PAY,5,20,True,True,5.0,1.0,5.0,15.0,0.369184062245
BTC-LTC,5,8,True,True,5.0,1.0,5.0,15.0,0.0887921246154
BTC-BAT,5,20,True,True,2.0,1.0,5.0,5.0,0.554592722857
BTC-XMR,5,8,True,True,3.0,1.0,10.0,15.0,0.282565366395
BTC-BAT,5,8,True,True,3.0,1.0,5.0,5.0,0.244385200142
BTC-ETC,5,20,True,True,5.0,1.0,10.0,10.0,0.141417096646
BTC-DASH,5,8,True,True,5.0,1.0,1.0,15.0,-0.0299934497196
BTC-XMR,5,8,True,True,2.0,1.0,1.0,10.0,0.141116952584
BTC-XRP,5,8,True,True,2.0,1.0,1.0,5.0,-0.0507188564371
BTC-APX,5,20,True,True,3.0,1.0,5.0,10.0,0.90316999887
BTC-LTC,5,8,True,True,3.0,1.0,10.0,5.0,0.122164759599
BTC-BAT,5,8,True,True,2.0,1.0,5.0,10.0,0.291328264648
BTC-ETH,5,8,True,True,5.0,1.0,1.0,15.0,-0.0571036198369
BTC-XRP,5,20,True,True,3.0,1.0,1.0,15.0,0.270772456596
BTC-XMR,5,8,True,True,5.0,1.0,1.0,10.0,-0.0388397165921
BTC-XVG,5,20,True,True,3.0,1.0,1.0,15.0,0.0777641843268
BTC-XMR,5,20,True,True,2.0,1.0,10.0,5.0,0.420799232818
BTC-TRIG,5,8,True,True,5.0,1.0,10.0,10.0,0.508269736393
BTC-RISE,5,20,True,True,2.0,1.0,10.0,15.0,0.81444331036
BTC-RISE,5,8,True,True,2.0,1.0,5.0,5.0,0.801561136772
BTC-BCC,5,20,True,True,5.0,1.0,10.0,10.0,0.407272825036
BTC-XVG,5,20,True,True,5.0,1.0,5.0,5.0,0.497015482504
BTC-MCO,5,20,True,True,2.0,1.0,10.0,10.0,0.701118987822
BTC-BAT,5,20,True,True,3.0,1.0,1.0,15.0,0.235617447751
BTC-BAT,5,8,True,True,3.0,1.0,1.0,5.0,-0.173154082056
BTC-LTC,5,20,True,True,2.0,1.0,10.0,10.0,0.245366794336
BTC-MCO,5,8,True,True,5.0,1.0,1.0,15.0,-0.26286843137
BTC-DASH,5,8,True,True,3.0,1.0,5.0,5.0,0.18601857977
BTC-LTC,5,20,True,True,5.0,1.0,1.0,15.0,-0.0566136799861
BTC-QTUM,5,20,True,True,3.0,1.0,5.0,15.0,0.447732560154
BTC-ADX,5,8,True,True,3.0,1.0,10.0,10.0,0.300921293592
BTC-NAV,5,20,True,True,3.0,1.0,10.0,5.0,0.754234914272
BTC-MCO,5,20,True,True,5.0,1.0,5.0,15.0,0.643967845967
BTC-APX,5,20,True,True,5.0,1.0,5.0,10.0,0.748278655209
BTC-ETH,5,8,True,True,2.0,1.0,10.0,15.0,0.0763502987142
BTC-ETC,5,20,True,True,5.0,1.0,10.0,5.0,0.155297113662
BTC-XMR,5,20,True,True,3.0,1.0,1.0,15.0,0.347357397923
BTC-MCO,5,8,True,True,5.0,1.0,5.0,5.0,0.257201644102
BTC-ETC,5,20,True,True,3.0,1.0,5.0,5.0,0.241416589358
BTC-MCO,5,8,True,True,2.0,1.0,10.0,15.0,0.405898155322
BTC-DASH,5,8,True,True,3.0,1.0,1.0,15.0,-0.000202389991704
BTC-LSK,5,20,True,True,2.0,1.0,10.0,15.0,0.442855150238
BTC-BAT,5,8,True,True,3.0,1.0,10.0,15.0,0.0598759449264
BTC-ETC,5,8,True,True,3.0,1.0,10.0,10.0,0.11019252307
BTC-PAY,5,20,True,True,3.0,1.0,1.0,10.0,0.178979937135
BTC-XMR,5,20,True,True,5.0,1.0,10.0,10.0,0.335664588113
BTC-LTC,5,20,True,True,2.0,1.0,1.0,10.0,0.368897330921
BTC-ADX,5,20,True,True,5.0,1.0,1.0,10.0,0.0429695440722
BTC-MCO,5,20,True,True,5.0,1.0,5.0,10.0,0.755756066867
BTC-DASH,5,8,True,True,2.0,1.0,5.0,15.0,0.210496408885
BTC-RISE,5,8,True,True,3.0,1.0,1.0,10.0,-0.0658962866702
BTC-BCC,5,20,True,True,5.0,1.0,5.0,5.0,0.548849844523
BTC-OMG,5,20,True,True,5.0,1.0,1.0,10.0,0.0644250024301
BTC-XVG,5,20,True,True,5.0,1.0,5.0,10.0,0.484042288009
BTC-XMR,5,8,True,True,5.0,1.0,5.0,10.0,0.219810038936
BTC-RISE,5,8,True,True,3.0,1.0,1.0,5.0,-0.0730478782322
BTC-MCO,5,20,True,True,3.0,1.0,10.0,10.0,0.696300156125
BTC-ETH,5,20,True,True,2.0,1.0,5.0,15.0,0.154122871748
BTC-APX,5,8,True,True,3.0,1.0,5.0,5.0,0.493420021961
BTC-XMR,5,20,True,True,3.0,1.0,5.0,15.0,0.480191771294
BTC-LSK,5,8,True,True,3.0,1.0,5.0,15.0,0.316813192692
BTC-ETH,5,8,True,True,2.0,1.0,10.0,10.0,0.0357899260241
BTC-NAV,5,20,True,True,3.0,1.0,10.0,10.0,0.689425206358
BTC-NAV,5,8,True,True,2.0,1.0,1.0,10.0,0.117774134822
BTC-XMR,5,20,True,True,2.0,1.0,1.0,10.0,0.706746830122
BTC-OMG,5,20,True,True,2.0,1.0,1.0,10.0,0.509423308994
BTC-ETH,5,20,True,True,3.0,1.0,10.0,10.0,0.0874328458082
BTC-BCC,5,8,True,True,5.0,1.0,5.0,15.0,0.112456404856
BTC-XRP,5,8,True,True,2.0,1.0,10.0,10.0,0.16413977914
BTC-XVG,5,8,True,True,2.0,1.0,5.0,15.0,0.262455988286
BTC-BAT,5,20,True,True,3.0,1.0,10.0,10.0,0.267683273103
BTC-ADX,5,8,True,True,2.0,1.0,10.0,15.0,0.280744616367
BTC-QTUM,5,8,True,True,2.0,1.0,1.0,15.0,0.00786785222925
BTC-LSK,5,8,True,True,5.0,1.0,1.0,5.0,-0.226185323202
BTC-ETC,5,8,True,True,5.0,1.0,1.0,15.0,0.0612991207046
BTC-PAY,5,8,True,True,2.0,1.0,1.0,5.0,0.0405761649077
BTC-XRP,5,20,True,True,2.0,1.0,10.0,5.0,0.315384650422
BTC-NEO,5,20,True,True,2.0,1.0,10.0,5.0,0.28802268148
BTC-MCO,5,20,True,True,2.0,1.0,1.0,10.0,0.356679471088
BTC-LSK,5,8,True,True,3.0,1.0,5.0,5.0,0.424568435237
BTC-TRIG,5,20,True,True,2.0,1.0,1.0,10.0,0.376602587331
BTC-APX,5,8,True,True,2.0,1.0,1.0,5.0,0.0871306963309
BTC-ADX,5,8,True,True,2.0,1.0,5.0,10.0,0.459124689585
BTC-ADX,5,8,True,True,3.0,1.0,1.0,5.0,-0.277110378368
BTC-LTC,5,8,True,True,3.0,1.0,10.0,15.0,0.160180205252
BTC-OMG,5,20,True,True,3.0,1.0,10.0,10.0,0.308296659554
BTC-BAT,5,8,True,True,5.0,1.0,10.0,10.0,0.0554857893941
BTC-STRAT,5,20,True,True,3.0,1.0,5.0,15.0,0.183246654745
BTC-MCO,5,8,True,True,2.0,1.0,5.0,5.0,0.670679751752
BTC-STRAT,5,8,True,True,3.0,1.0,5.0,5.0,0.108641943202
BTC-MCO,5,20,True,True,2.0,1.0,10.0,5.0,0.74447306233
BTC-DASH,5,20,True,True,3.0,1.0,10.0,15.0,0.240469648804
BTC-OMG,5,20,True,True,2.0,1.0,5.0,10.0,0.541362532559
BTC-STRAT,5,20,True,True,3.0,1.0,10.0,10.0,0.188812875627
BTC-LTC,5,8,True,True,2.0,1.0,1.0,10.0,-0.00893985100894
BTC-PAY,5,8,True,True,2.0,1.0,10.0,5.0,0.123776243173
BTC-DASH,5,20,True,True,2.0,1.0,5.0,10.0,0.381068347088
BTC-QTUM,5,8,True,True,3.0,1.0,1.0,15.0,-0.0997864784824
BTC-DASH,5,8,True,True,3.0,1.0,5.0,15.0,0.213361812283
BTC-NAV,5,20,True,True,3.0,1.0,1.0,15.0,0.305537429677
BTC-LSK,5,8,True,True,3.0,1.0,10.0,5.0,0.337823111436
BTC-MCO,5,20,True,True,3.0,1.0,5.0,10.0,0.942996825237
BTC-BCC,5,8,True,True,3.0,1.0,1.0,5.0,-0.0362455593574
BTC-NEO,5,20,True,True,3.0,1.0,5.0,15.0,0.315051562687
BTC-XRP,5,20,True,True,5.0,1.0,10.0,10.0,0.263698627279
BTC-PAY,5,8,True,True,5.0,1.0,1.0,5.0,-0.260875770816
BTC-XRP,5,20,True,True,5.0,1.0,5.0,5.0,0.387689013515
BTC-QTUM,5,20,True,True,2.0,1.0,10.0,5.0,0.30597424996
BTC-NAV,5,8,True,True,3.0,1.0,5.0,10.0,0.575311934668
BTC-NEO,5,20,True,True,2.0,1.0,5.0,5.0,0.578119892322
BTC-LSK,5,8,True,True,2.0,1.0,10.0,5.0,0.364574927107
BTC-RISE,5,20,True,True,5.0,1.0,10.0,5.0,0.842601168228
BTC-PAY,5,20,True,True,3.0,1.0,10.0,5.0,0.246640311766
BTC-NEO,5,8,True,True,2.0,1.0,5.0,15.0,0.130852132967
BTC-QTUM,5,8,True,True,5.0,1.0,5.0,5.0,0.0147048817692
BTC-XVG,5,8,True,True,2.0,1.0,1.0,15.0,-0.0669988572804
BTC-NAV,5,8,True,True,2.0,1.0,10.0,10.0,0.532689210132
BTC-TRIG,5,20,True,True,5.0,1.0,1.0,15.0,0.0569293182171
BTC-NAV,5,8,True,True,5.0,1.0,5.0,5.0,0.268425699151
BTC-ADX,5,20,True,True,3.0,1.0,5.0,15.0,0.729011837162
BTC-XVG,5,20,True,True,3.0,1.0,10.0,10.0,0.430709806634
BTC-BAT,5,8,True,True,3.0,1.0,1.0,10.0,-0.0857798583855
BTC-ETH,5,8,True,True,5.0,1.0,5.0,15.0,0.0254061846364
BTC-PAY,5,8,True,True,2.0,1.0,10.0,10.0,0.0813102006451
BTC-PAY,5,20,True,True,3.0,1.0,5.0,5.0,0.565084203616
BTC-TRIG,5,8,True,True,3.0,1.0,1.0,15.0,-0.0563359635139
BTC-NAV,5,20,True,True,5.0,1.0,5.0,15.0,0.726691798151
BTC-ETH,5,20,True,True,5.0,1.0,5.0,15.0,0.129195427645
BTC-MTL,5,20,True,True,5.0,1.0,1.0,5.0,-0.0982865689743
BTC-LSK,5,20,True,True,2.0,1.0,1.0,5.0,0.585531702741
BTC-OMG,5,8,True,True,3.0,1.0,10.0,10.0,0.263383916739
BTC-LTC,5,20,True,True,3.0,1.0,5.0,10.0,0.309757168208
BTC-BAT,5,20,True,True,3.0,1.0,10.0,5.0,0.307988811775
BTC-ETH,5,8,True,True,2.0,1.0,5.0,5.0,0.0959192968304
BTC-QTUM,5,8,True,True,2.0,1.0,5.0,10.0,0.217328892383
BTC-STRAT,5,8,True,True,3.0,1.0,1.0,15.0,-0.0944914005617
BTC-ADX,5,20,True,True,5.0,1.0,1.0,5.0,0.0645994687137
BTC-NEO,5,20,True,True,2.0,1.0,1.0,15.0,0.193352110369
BTC-LSK,5,20,True,True,5.0,1.0,1.0,15.0,0.0956498857206
BTC-XVG,5,8,True,True,5.0,1.0,10.0,15.0,0.158386927779
BTC-XVG,5,20,True,True,5.0,1.0,1.0,10.0,-0.0444512651123
BTC-BCC,5,20,True,True,2.0,1.0,10.0,10.0,0.408246673325
BTC-NAV,5,20,True,True,5.0,1.0,1.0,5.0,0.0303628145507
BTC-STRAT,5,8,True,True,3.0,1.0,10.0,5.0,0.0537907940635
BTC-BAT,5,20,True,True,2.0,1.0,10.0,5.0,0.295386238803
BTC-BCC,5,8,True,True,3.0,1.0,5.0,10.0,0.347871967066
BTC-BCC,5,8,True,True,5.0,1.0,10.0,15.0,0.122950268677
BTC-APX,5,8,True,True,5.0,1.0,1.0,5.0,-0.148761011874
BTC-DASH,5,8,True,True,3.0,1.0,1.0,10.0,-0.0923344965136
BTC-DASH,5,20,True,True,5.0,1.0,1.0,5.0,-0.0250903083174
BTC-NEO,5,20,True,True,2.0,1.0,5.0,15.0,0.317707555235
BTC-BCC,5,20,True,True,2.0,1.0,1.0,15.0,0.458204202034
BTC-DASH,5,20,True,True,3.0,1.0,1.0,10.0,0.138673812129
BTC-MTL,5,20,True,True,3.0,1.0,1.0,15.0,0.132412657245
BTC-APX,5,20,True,True,3.0,1.0,10.0,15.0,0.485205310338
BTC-APX,5,20,True,True,5.0,1.0,1.0,15.0,0.268439868028
BTC-TRIG,5,20,True,True,2.0,1.0,5.0,5.0,1.22121436198
BTC-ADX,5,8,True,True,5.0,1.0,5.0,10.0,0.210180857377
BTC-NAV,5,8,True,True,5.0,1.0,1.0,15.0,-0.11620498672
BTC-ETH,5,8,True,True,3.0,1.0,10.0,15.0,0.0890759680837
BTC-XVG,5,20,True,True,2.0,1.0,1.0,10.0,0.327913336523
BTC-QTUM,5,8,True,True,3.0,1.0,10.0,15.0,0.148169203043
BTC-ETC,5,8,True,True,3.0,1.0,10.0,15.0,0.124882102382
BTC-NEO,5,8,True,True,5.0,1.0,10.0,10.0,-0.031780686576
BTC-TRIG,5,20,True,True,2.0,1.0,10.0,15.0,0.854508148921
BTC-DASH,5,8,True,True,3.0,1.0,10.0,15.0,0.176163714409
BTC-XMR,5,20,True,True,2.0,1.0,5.0,15.0,0.490823382529
BTC-ADX,5,20,True,True,2.0,1.0,10.0,5.0,0.613482176077
BTC-STRAT,5,20,True,True,2.0,1.0,1.0,10.0,0.270204523543
BTC-NAV,5,8,True,True,3.0,1.0,5.0,15.0,0.514661176064
BTC-DASH,5,8,True,True,5.0,1.0,1.0,5.0,-0.233929019573
BTC-XMR,5,8,True,True,5.0,1.0,5.0,5.0,0.238978855031
BTC-XRP,5,8,True,True,5.0,1.0,1.0,5.0,-0.295919373119
BTC-TRIG,5,20,True,True,2.0,1.0,10.0,10.0,0.873591567033
BTC-TRIG,5,8,True,True,5.0,1.0,5.0,10.0,0.461505734457
BTC-OMG,5,20,True,True,2.0,1.0,1.0,5.0,0.648138107763
BTC-XRP,5,8,True,True,3.0,1.0,10.0,10.0,0.150084295799
BTC-MCO,5,8,True,True,5.0,1.0,1.0,5.0,-0.513814008027
BTC-DASH,5,8,True,True,2.0,1.0,1.0,5.0,-0.0598380872659
BTC-ETH,5,20,True,True,3.0,1.0,1.0,10.0,0.204029180684
BTC-XVG,5,8,True,True,5.0,1.0,10.0,10.0,0.150438117923
BTC-BAT,5,20,True,True,5.0,1.0,10.0,5.0,0.265093949106
BTC-TRIG,5,8,True,True,2.0,1.0,1.0,10.0,-0.0540890876036
BTC-BCC,5,20,True,True,2.0,1.0,1.0,10.0,0.636887270037
BTC-ETC,5,8,True,True,2.0,1.0,1.0,15.0,0.119767917147
BTC-XVG,5,8,True,True,3.0,1.0,1.0,15.0,-0.145237277342
BTC-TRIG,5,8,True,True,2.0,1.0,1.0,15.0,0.0258859700545
BTC-ETH,5,20,True,True,3.0,1.0,5.0,5.0,0.183029426549
BTC-QTUM,5,8,True,True,3.0,1.0,5.0,15.0,0.192144338535
BTC-MTL,5,20,True,True,2.0,1.0,10.0,10.0,0.255792189917
BTC-XRP,5,20,True,True,3.0,1.0,10.0,10.0,0.277091547756
BTC-QTUM,5,20,True,True,5.0,1.0,5.0,5.0,0.369477185962
BTC-MCO,5,8,True,True,5.0,1.0,10.0,10.0,0.344451131144
BTC-APX,5,8,True,True,3.0,1.0,10.0,5.0,0.391704485322
BTC-PAY,5,8,True,True,3.0,1.0,10.0,10.0,0.0337234487332
BTC-BAT,5,20,True,True,3.0,1.0,5.0,5.0,0.515843002402
BTC-ADX,5,20,True,True,2.0,1.0,5.0,15.0,0.702814630177
BTC-BCC,5,20,True,True,5.0,1.0,10.0,5.0,0.445451794788
BTC-LSK,5,20,True,True,2.0,1.0,5.0,15.0,0.686500522345
BTC-RISE,5,20,True,True,3.0,1.0,5.0,10.0,1.06955169126
BTC-LTC,5,20,True,True,3.0,1.0,5.0,5.0,0.302161102635
BTC-XMR,5,8,True,True,5.0,1.0,5.0,15.0,0.26196390276
BTC-APX,5,20,True,True,3.0,1.0,5.0,15.0,0.934847390692
BTC-TRIG,5,8,True,True,2.0,1.0,5.0,15.0,0.620786438531
BTC-RISE,5,8,True,True,3.0,1.0,1.0,15.0,-0.0276065633586
BTC-NAV,5,20,True,True,5.0,1.0,5.0,10.0,0.793347836249
BTC-MTL,5,20,True,True,2.0,1.0,1.0,10.0,0.291404993494
BTC-APX,5,8,True,True,3.0,1.0,5.0,15.0,0.324632135829
BTC-PAY,5,20,True,True,5.0,1.0,5.0,10.0,0.374866974437
BTC-XRP,5,8,True,True,5.0,1.0,5.0,5.0,0.00213029092337
BTC-ADX,5,8,True,True,5.0,1.0,10.0,15.0,0.214972843351
BTC-LTC,5,8,True,True,3.0,1.0,5.0,15.0,0.135538170746
BTC-DASH,5,8,True,True,2.0,1.0,10.0,15.0,0.177515985744
BTC-ADX,5,8,True,True,3.0,1.0,1.0,15.0,-0.221143338037
BTC-XRP,5,8,True,True,3.0,1.0,1.0,10.0,-0.133031847747
BTC-XRP,5,8,True,True,3.0,1.0,5.0,5.0,0.214868255024
BTC-BAT,5,20,True,True,2.0,1.0,5.0,15.0,0.447786136958
BTC-ETH,5,20,True,True,3.0,1.0,1.0,5.0,0.204029180684
BTC-LTC,5,8,True,True,5.0,1.0,1.0,10.0,-0.11520099732
BTC-LSK,5,20,True,True,5.0,1.0,5.0,5.0,0.521975265314
BTC-MTL,5,8,True,True,2.0,1.0,10.0,15.0,0.12432503312
BTC-XVG,5,20,True,True,5.0,1.0,10.0,5.0,0.419050957402
BTC-QTUM,5,20,True,True,5.0,1.0,1.0,10.0,-0.0704174875353
BTC-NAV,5,20,True,True,2.0,1.0,5.0,5.0,1.11769242881
BTC-NAV,5,20,True,True,2.0,1.0,1.0,5.0,0.636709073295
BTC-MCO,5,8,True,True,3.0,1.0,10.0,10.0,0.449308519896
BTC-BCC,5,8,True,True,2.0,1.0,10.0,15.0,0.289395857085
BTC-RISE,5,8,True,True,5.0,1.0,5.0,10.0,0.44397714832
BTC-PAY,5,8,True,True,3.0,1.0,5.0,15.0,0.0965324614805
BTC-MTL,5,8,True,True,5.0,1.0,5.0,5.0,0.11199247891
BTC-PAY,5,8,True,True,5.0,1.0,1.0,10.0,-0.127645869502
BTC-APX,5,8,True,True,3.0,1.0,10.0,10.0,0.343429307813
BTC-TRIG,5,8,True,True,5.0,1.0,1.0,5.0,-0.492654776379
BTC-NAV,5,8,True,True,3.0,1.0,10.0,5.0,0.562492572081
BTC-LSK,5,8,True,True,5.0,1.0,1.0,10.0,-0.153843473539
BTC-ETH,5,8,True,True,5.0,1.0,10.0,15.0,0.0699404700942
BTC-APX,5,20,True,True,2.0,1.0,1.0,5.0,0.898505552363
BTC-DASH,5,8,True,True,5.0,1.0,5.0,5.0,0.0940039221326
BTC-ETH,5,20,True,True,2.0,1.0,1.0,5.0,0.363404618649
BTC-LTC,5,20,True,True,2.0,1.0,5.0,5.0,0.403335445997
BTC-XVG,5,20,True,True,3.0,1.0,10.0,15.0,0.398173848999
BTC-TRIG,5,20,True,True,5.0,1.0,5.0,15.0,0.944483923083
BTC-RISE,5,20,True,True,5.0,1.0,1.0,15.0,0.165635265293
BTC-MTL,5,8,True,True,2.0,1.0,1.0,15.0,0.085410340369
BTC-ADX,5,8,True,True,5.0,1.0,10.0,10.0,0.237821105621
BTC-XVG,5,20,True,True,3.0,1.0,5.0,15.0,0.59782928412
BTC-XVG,5,20,True,True,2.0,1.0,5.0,5.0,0.757350667434
BTC-DASH,5,8,True,True,2.0,1.0,5.0,5.0,0.253895314106
BTC-XRP,5,20,True,True,5.0,1.0,1.0,5.0,0.0858425651474
BTC-BCC,5,20,True,True,3.0,1.0,5.0,10.0,0.628756831137
BTC-XMR,5,8,True,True,2.0,1.0,10.0,5.0,0.331281163241
BTC-NEO,5,8,True,True,3.0,1.0,5.0,10.0,0.159405779051
BTC-QTUM,5,8,True,True,3.0,1.0,10.0,10.0,0.168439470327
BTC-NAV,5,20,True,True,2.0,1.0,1.0,15.0,0.448387090892
BTC-PAY,5,20,True,True,2.0,1.0,5.0,5.0,0.531610736808
BTC-ETC,5,8,True,True,2.0,1.0,1.0,10.0,0.0825381541986
BTC-LSK,5,8,True,True,5.0,1.0,10.0,5.0,0.285038202347
BTC-RISE,5,8,True,True,5.0,1.0,10.0,15.0,0.415199692817
BTC-ETC,5,20,True,True,5.0,1.0,5.0,15.0,0.17902200335
BTC-OMG,5,20,True,True,3.0,1.0,10.0,15.0,0.264367201478
BTC-NEO,5,8,True,True,5.0,1.0,1.0,5.0,-0.165810513365
BTC-PAY,5,8,True,True,3.0,1.0,10.0,5.0,0.0845138485769
BTC-DASH,5,20,True,True,5.0,1.0,5.0,5.0,0.275492612571
BTC-APX,5,20,True,True,5.0,1.0,1.0,10.0,0.3338648548
BTC-ETC,5,8,True,True,3.0,1.0,10.0,5.0,0.162083395092
BTC-ADX,5,20,True,True,5.0,1.0,5.0,15.0,0.623843663717
BTC-NEO,5,8,True,True,5.0,1.0,5.0,5.0,0.0715858545334
BTC-BCC,5,20,True,True,3.0,1.0,10.0,15.0,0.39041810093
BTC-NAV,5,20,True,True,5.0,1.0,5.0,5.0,0.851836482467
BTC-NEO,5,8,True,True,5.0,1.0,10.0,5.0,-0.0133843598891
BTC-STRAT,5,8,True,True,3.0,1.0,1.0,10.0,-0.0633209299679
BTC-TRIG,5,20,True,True,5.0,1.0,1.0,10.0,0.0011740588162
BTC-MTL,5,8,True,True,2.0,1.0,5.0,15.0,0.22812142216
BTC-LTC,5,20,True,True,5.0,1.0,10.0,15.0,0.209500193675
BTC-LTC,5,8,True,True,2.0,1.0,1.0,5.0,-0.150819756618
BTC-APX,5,20,True,True,2.0,1.0,5.0,5.0,1.06695632376
BTC-QTUM,5,8,True,True,2.0,1.0,1.0,10.0,0.0224755754675
BTC-PAY,5,8,True,True,3.0,1.0,10.0,15.0,0.0267429655306
BTC-MCO,5,20,True,True,2.0,1.0,10.0,15.0,0.649547871027
BTC-ADX,5,20,True,True,3.0,1.0,1.0,5.0,0.411429629775
BTC-MCO,5,20,True,True,5.0,1.0,1.0,5.0,-0.0236741665867
BTC-MTL,5,8,True,True,3.0,1.0,5.0,15.0,0.232009041646
BTC-XMR,5,20,True,True,5.0,1.0,5.0,10.0,0.417463352328
BTC-RISE,5,8,True,True,2.0,1.0,10.0,15.0,0.554026815059
BTC-STRAT,5,8,True,True,2.0,1.0,1.0,5.0,0.0607573817211
BTC-ETH,5,8,True,True,2.0,1.0,5.0,15.0,0.0866188794021
BTC-NEO,5,20,True,True,3.0,1.0,1.0,5.0,0.198416678679
BTC-LSK,5,20,True,True,2.0,1.0,5.0,10.0,0.757167802544
BTC-PAY,5,20,True,True,2.0,1.0,1.0,15.0,0.319867446092
BTC-LTC,5,8,True,True,2.0,1.0,5.0,5.0,0.220912834295
BTC-DASH,5,20,True,True,2.0,1.0,1.0,15.0,0.343540492364
BTC-BCC,5,8,True,True,2.0,1.0,1.0,15.0,0.00481577521624
BTC-PAY,5,8,True,True,3.0,1.0,1.0,5.0,-0.158050784678
BTC-ADX,5,20,True,True,5.0,1.0,5.0,10.0,0.650209702548
BTC-PAY,5,20,True,True,3.0,1.0,1.0,5.0,0.188729619812
BTC-BAT,5,20,True,True,5.0,1.0,10.0,15.0,0.207653762679
BTC-STRAT,5,8,True,True,2.0,1.0,10.0,15.0,0.0620727542657
BTC-MTL,5,20,True,True,5.0,1.0,10.0,5.0,0.258940274956
BTC-NAV,5,8,True,True,2.0,1.0,10.0,15.0,0.479881991568
BTC-NAV,5,8,True,True,3.0,1.0,1.0,15.0,-0.000754538606576
BTC-MTL,5,8,True,True,2.0,1.0,10.0,10.0,0.179624747261
BTC-XMR,5,20,True,True,5.0,1.0,5.0,15.0,0.376624221662
BTC-ETH,5,20,True,True,2.0,1.0,5.0,10.0,0.166648789931
BTC-APX,5,20,True,True,2.0,1.0,5.0,10.0,0.906520068464
BTC-STRAT,5,8,True,True,2.0,1.0,10.0,10.0,0.104505701324
BTC-LSK,5,20,True,True,3.0,1.0,5.0,5.0,0.774180488144
BTC-RISE,5,20,True,True,2.0,1.0,10.0,5.0,0.88492317506
BTC-XVG,5,20,True,True,5.0,1.0,5.0,15.0,0.446017300975
BTC-NEO,5,8,True,True,2.0,1.0,5.0,5.0,0.338173365286
BTC-TRIG,5,20,True,True,5.0,1.0,10.0,15.0,0.83385395123
BTC-BCC,5,8,True,True,3.0,1.0,1.0,15.0,-0.12906992033
BTC-LSK,5,20,True,True,2.0,1.0,1.0,10.0,0.486806315312
BTC-TRIG,5,20,True,True,3.0,1.0,1.0,5.0,0.353221139935
BTC-DASH,5,20,True,True,5.0,1.0,5.0,10.0,0.288148676338
BTC-OMG,5,8,True,True,3.0,1.0,1.0,5.0,-0.106020620599
BTC-BAT,5,20,True,True,5.0,1.0,1.0,5.0,-0.0550179683369
BTC-RISE,5,20,True,True,3.0,1.0,5.0,15.0,0.989055278601
BTC-STRAT,5,8,True,True,5.0,1.0,5.0,10.0,0.0199284682046
BTC-PAY,5,20,True,True,5.0,1.0,1.0,10.0,-0.0612556317635
BTC-OMG,5,8,True,True,5.0,1.0,10.0,5.0,0.133907743899
BTC-XMR,5,20,True,True,5.0,1.0,10.0,15.0,0.316933622838
BTC-ETH,5,8,True,True,3.0,1.0,1.0,5.0,-0.0942286064281
BTC-OMG,5,20,True,True,5.0,1.0,1.0,5.0,0.0251911122755
BTC-APX,5,8,True,True,5.0,1.0,5.0,5.0,0.279799441165
BTC-LTC,5,20,True,True,3.0,1.0,5.0,15.0,0.311870037475
BTC-XVG,5,8,True,True,5.0,1.0,5.0,5.0,0.0958846445873
BTC-XMR,5,20,True,True,5.0,1.0,5.0,5.0,0.4513464603
BTC-PAY,5,20,True,True,5.0,1.0,10.0,10.0,0.198109226395
BTC-OMG,5,20,True,True,5.0,1.0,5.0,10.0,0.342473244173
BTC-RISE,5,20,True,True,3.0,1.0,1.0,15.0,0.349566480914
BTC-LTC,5,20,True,True,3.0,1.0,10.0,10.0,0.241333030155
BTC-XRP,5,8,True,True,2.0,1.0,5.0,15.0,0.220045979459
BTC-QTUM,5,8,True,True,2.0,1.0,1.0,5.0,0.0638609379811
BTC-LSK,5,20,True,True,2.0,1.0,10.0,5.0,0.508094566262
BTC-XMR,5,8,True,True,3.0,1.0,10.0,10.0,0.282483643198
BTC-BCC,5,20,True,True,3.0,1.0,1.0,10.0,0.427839688689
BTC-NAV,5,20,True,True,5.0,1.0,1.0,15.0,0.177534314528
BTC-NEO,5,8,True,True,2.0,1.0,1.0,15.0,-0.0468647137679
BTC-LSK,5,20,True,True,5.0,1.0,10.0,5.0,0.444739114944
BTC-DASH,5,20,True,True,3.0,1.0,5.0,15.0,0.340049337533
BTC-XVG,5,8,True,True,2.0,1.0,1.0,10.0,-0.0149367556456
BTC-ADX,5,20,True,True,2.0,1.0,1.0,10.0,0.416193505408
BTC-MTL,5,8,True,True,5.0,1.0,10.0,15.0,0.14756400083
BTC-XMR,5,20,True,True,2.0,1.0,10.0,10.0,0.393397141733
BTC-ETC,5,20,True,True,5.0,1.0,10.0,15.0,0.137128821548
BTC-NEO,5,8,True,True,3.0,1.0,1.0,5.0,-0.0181196082799
BTC-NEO,5,20,True,True,3.0,1.0,1.0,15.0,0.0526752149455
BTC-NAV,5,8,True,True,3.0,1.0,10.0,10.0,0.527694021598
BTC-MCO,5,8,True,True,3.0,1.0,1.0,5.0,-0.283315112383
BTC-APX,5,20,True,True,2.0,1.0,1.0,10.0,0.612319017187
BTC-BCC,5,20,True,True,5.0,1.0,5.0,10.0,0.519055035782
BTC-MCO,5,8,True,True,3.0,1.0,5.0,10.0,0.518576344328
BTC-TRIG,5,8,True,True,5.0,1.0,1.0,15.0,-0.156622176154
BTC-ETC,5,20,True,True,2.0,1.0,1.0,10.0,0.398027005605
BTC-BCC,5,20,True,True,3.0,1.0,10.0,5.0,0.456453832562
BTC-NEO,5,20,True,True,3.0,1.0,10.0,5.0,0.291804936278
BTC-APX,5,20,True,True,2.0,1.0,10.0,10.0,0.595356490021
BTC-MTL,5,8,True,True,2.0,1.0,5.0,5.0,0.388981580255
BTC-ETC,5,20,True,True,2.0,1.0,1.0,15.0,0.273588511324
BTC-PAY,5,8,True,True,5.0,1.0,5.0,10.0,-0.0834208687437
BTC-QTUM,5,20,True,True,2.0,1.0,5.0,10.0,0.494661259154
BTC-QTUM,5,20,True,True,2.0,1.0,5.0,5.0,0.579474402272
BTC-ETH,5,8,True,True,2.0,1.0,1.0,5.0,0.0307163813109
BTC-XMR,5,8,True,True,3.0,1.0,1.0,15.0,0.0564657543801
BTC-OMG,5,8,True,True,5.0,1.0,1.0,10.0,-0.250974431544
BTC-STRAT,5,8,True,True,5.0,1.0,5.0,15.0,-0.00742084757239
BTC-XRP,5,20,True,True,3.0,1.0,10.0,5.0,0.315052105512
BTC-XRP,5,20,True,True,5.0,1.0,1.0,10.0,0.0270986215738
BTC-BCC,5,20,True,True,2.0,1.0,10.0,5.0,0.463785825873
BTC-NEO,5,8,True,True,2.0,1.0,10.0,10.0,0.123077425717
BTC-TRIG,5,20,True,True,2.0,1.0,1.0,15.0,0.402264280379
BTC-MTL,5,8,True,True,2.0,1.0,1.0,10.0,0.0458839753526
BTC-XRP,5,20,True,True,2.0,1.0,5.0,15.0,0.458938317748
BTC-LTC,5,20,True,True,2.0,1.0,1.0,5.0,0.432791038134
BTC-TRIG,5,20,True,True,3.0,1.0,10.0,10.0,0.872638591499
BTC-XMR,5,20,True,True,2.0,1.0,10.0,15.0,0.366998634048
BTC-LTC,5,8,True,True,5.0,1.0,5.0,5.0,-0.00316635574081
BTC-RISE,5,8,True,True,5.0,1.0,10.0,10.0,0.452085457432
BTC-ADX,5,20,True,True,3.0,1.0,5.0,5.0,0.88996131518
BTC-PAY,5,8,True,True,5.0,1.0,5.0,5.0,-0.0759254759743
BTC-MCO,5,20,True,True,3.0,1.0,1.0,5.0,0.319817370771
BTC-STRAT,5,8,True,True,3.0,1.0,10.0,15.0,0.0434589802712
BTC-NEO,5,8,True,True,5.0,1.0,10.0,15.0,-0.0741940467544
BTC-MTL,5,20,True,True,3.0,1.0,1.0,5.0,0.143271382822
BTC-ETC,5,8,True,True,3.0,1.0,1.0,15.0,0.078222559252
BTC-LTC,5,8,True,True,3.0,1.0,1.0,5.0,-0.305193902785
BTC-BCC,5,8,True,True,2.0,1.0,1.0,10.0,0.0382520039034
BTC-MCO,5,20,True,True,5.0,1.0,5.0,5.0,0.819058118528
BTC-APX,5,8,True,True,3.0,1.0,1.0,10.0,0.208000059642
BTC-DASH,5,20,True,True,3.0,1.0,1.0,15.0,0.102128213102
BTC-NAV,5,20,True,True,2.0,1.0,10.0,10.0,0.698941255009
BTC-APX,5,20,True,True,3.0,1.0,10.0,5.0,0.612017793431
BTC-BAT,5,20,True,True,2.0,1.0,1.0,10.0,0.463432956971
BTC-ADX,5,8,True,True,3.0,1.0,1.0,10.0,-0.194228675869
BTC-TRIG,5,8,True,True,3.0,1.0,1.0,5.0,-0.238701209007
BTC-APX,5,20,True,True,2.0,1.0,10.0,5.0,0.631913538681
BTC-MCO,5,8,True,True,2.0,1.0,5.0,15.0,0.491801587858
BTC-NAV,5,8,True,True,5.0,1.0,5.0,10.0,0.289490639553
BTC-XRP,5,20,True,True,3.0,1.0,10.0,15.0,0.269466332115
BTC-RISE,5,8,True,True,5.0,1.0,1.0,15.0,-0.144710499354
BTC-XRP,5,20,True,True,3.0,1.0,5.0,10.0,0.469546213784
BTC-TRIG,5,20,True,True,5.0,1.0,10.0,5.0,0.910018319355
BTC-TRIG,5,20,True,True,2.0,1.0,1.0,5.0,0.582516294769
BTC-LTC,5,8,True,True,3.0,1.0,10.0,10.0,0.143718863981
BTC-ETH,5,8,True,True,5.0,1.0,1.0,5.0,-0.127643112354
BTC-BAT,5,20,True,True,3.0,1.0,5.0,15.0,0.402029805943
BTC-NAV,5,20,True,True,2.0,1.0,5.0,15.0,0.969956612257
BTC-DASH,5,20,True,True,5.0,1.0,1.0,15.0,0.00226409749598
BTC-TRIG,5,20,True,True,3.0,1.0,5.0,10.0,1.09408991881
BTC-BCC,5,20,True,True,2.0,1.0,5.0,5.0,0.692401663905
BTC-OMG,5,20,True,True,2.0,1.0,1.0,15.0,0.457657039869
BTC-ETH,5,20,True,True,5.0,1.0,5.0,5.0,0.129195427645
BTC-OMG,5,20,True,True,5.0,1.0,5.0,15.0,0.316262529797
BTC-OMG,5,20,True,True,3.0,1.0,1.0,10.0,0.287487951424
BTC-ADX,5,20,True,True,3.0,1.0,5.0,10.0,0.797067167123
BTC-RISE,5,20,True,True,2.0,1.0,10.0,10.0,0.840704224622
BTC-LTC,5,20,True,True,3.0,1.0,1.0,15.0,0.0832579434703
BTC-ETC,5,20,True,True,2.0,1.0,1.0,5.0,0.465754353179
BTC-PAY,5,8,True,True,5.0,1.0,10.0,10.0,-0.00562465586977
BTC-ETH,5,20,True,True,5.0,1.0,10.0,5.0,0.0598615714877
BTC-MCO,5,8,True,True,2.0,1.0,1.0,5.0,-0.0596670831161
BTC-MTL,5,20,True,True,5.0,1.0,10.0,15.0,0.194932576096
BTC-BCC,5,8,True,True,5.0,1.0,10.0,5.0,0.136775518857
BTC-STRAT,5,20,True,True,3.0,1.0,1.0,15.0,0.0897161697342
BTC-QTUM,5,20,True,True,5.0,1.0,10.0,5.0,0.283993985349
BTC-ETC,5,8,True,True,5.0,1.0,1.0,5.0,-0.0270932173343
